p,pLabel,pContent,pAlias,pWikilink,reignstart,reignend,pPicture
http://www.wikidata.org/entity/Q33923,Peter,apostle and first pope,"Simon, Saint Peter, Petrus, Pope Peter, Shimon, Simeon, Simon Peter",https://en.wikipedia.org/wiki/Saint%20Peter,,,http://commons.wikimedia.org/wiki/Special:FilePath/Saint%20Peter%20A33446.jpg
http://www.wikidata.org/entity/Q47144,Linus,2nd Pope of the Catholic Church,"Pope Linus, Pope Saint Linus, Saint Linus",https://en.wikipedia.org/wiki/Pope%20Linus,,,http://commons.wikimedia.org/wiki/Special:FilePath/Pope%20Linus.gif
http://www.wikidata.org/entity/Q80450,Anacletus,3rd Pope of the Catholic Church,"Cletus, Pope Anacletus",https://en.wikipedia.org/wiki/Pope%20Anacletus,,,http://commons.wikimedia.org/wiki/Special:FilePath/Papa%20Cletus.jpg
http://www.wikidata.org/entity/Q42887,Clement I,4th Pope of the Catholic Church,"San Clemente, Clement, Saint Clement, Clemens I, Clemens Romanus, Clement of Rome, Iklīmindis al-Rūmānī, of Rome, Pope Clement, of Rome, Pope Clement I, Pope Clement I, Pope Kelemen I, Pope Klemens I, Pope Klēmēs I, Pope Klyment I, Pope Klymentiĭ I, Pope Saint Clement I, Rymsʼkyĭ, Pope Klyment I, Saint Clement I, von Rom, Pope Klemens I, Κλήμης Ῥώμης, اكليمندس الروماني",https://en.wikipedia.org/wiki/Pope%20Clement%20I,,,http://commons.wikimedia.org/wiki/Special:FilePath/StClement1.jpg
http://www.wikidata.org/entity/Q47746,Evaristus,5th Pope of the Catholic Church,"Aristus, Pope Evaristus",https://en.wikipedia.org/wiki/Pope%20Evaristus,,,http://commons.wikimedia.org/wiki/Special:FilePath/Papa%20Evaristo.jpg
http://www.wikidata.org/entity/Q80028,Alexander I,6th Pope of the Catholic Church,"Alexander, Pope Alexander I",https://en.wikipedia.org/wiki/Pope%20Alexander%20I,,,http://commons.wikimedia.org/wiki/Special:FilePath/Papa%20Alessandro%20I.jpg
http://www.wikidata.org/entity/Q81634,Sixtus I,pope,"Sixtus, Pope Sixtus I",https://en.wikipedia.org/wiki/Pope%20Sixtus%20I,,,http://commons.wikimedia.org/wiki/Special:FilePath/Papa%20Sisto%20I.jpg
http://www.wikidata.org/entity/Q81647,Telesphorus,pope,Pope Telesphorus,https://en.wikipedia.org/wiki/Pope%20Telesphorus,,,http://commons.wikimedia.org/wiki/Special:FilePath/Papa%20Telesforo.jpg
http://www.wikidata.org/entity/Q80604,Hyginus,9th Pope,"Hyginus Papa, Pope Hyginus",https://en.wikipedia.org/wiki/Pope%20Hyginus,,,http://commons.wikimedia.org/wiki/Special:FilePath/Hyginus.jpg
http://www.wikidata.org/entity/Q83198,Pius I,10th pope,"Pius, Pope Pius I",https://en.wikipedia.org/wiki/Pope%20Pius%20I,,,http://commons.wikimedia.org/wiki/Special:FilePath/Pope%20Pius%20I.jpg
http://www.wikidata.org/entity/Q546590,Anicetus,pope,Pope Anicetus,https://en.wikipedia.org/wiki/Pope%20Anicetus,,,http://commons.wikimedia.org/wiki/Special:FilePath/Papa%20Aniceto%20cropped.jpg
http://www.wikidata.org/entity/Q101280,Soter,pope,"Pope Soter, Soterius",https://en.wikipedia.org/wiki/Pope%20Soter,,,http://commons.wikimedia.org/wiki/Special:FilePath/Soter.jpg
http://www.wikidata.org/entity/Q101090,Eleuterus,Pope and Saint,"Eleuther, Eleuterio, Eleutherus, Papst Eleutherus, Pope Eleuterus, Pope Eleutherius, Pope St. Eleutherius, Pope St. Eleutheros, Pseudo-Eleutherius, Saint Eleutherius",https://en.wikipedia.org/wiki/Pope%20Eleuterus,,,http://commons.wikimedia.org/wiki/Special:FilePath/Eleutherius.jpg
http://www.wikidata.org/entity/Q127989,Victor I,pope,"Victor, Pope Victor I",https://en.wikipedia.org/wiki/Pope%20Victor%20I,,,http://commons.wikimedia.org/wiki/Special:FilePath/Victor%20I..jpg
http://www.wikidata.org/entity/Q101306,Zephyrinus,pope,Pope Zephyrinus,https://en.wikipedia.org/wiki/Pope%20Zephyrinus,,,http://commons.wikimedia.org/wiki/Special:FilePath/Zephyrinus.jpg
http://www.wikidata.org/entity/Q122376,Callixtus I,Pope from 217 to 222,"Callistus I, Callixtus, Pope Callixtus I",https://en.wikipedia.org/wiki/Pope%20Callixtus%20I,,,http://commons.wikimedia.org/wiki/Special:FilePath/CalixtusI.jpg
http://www.wikidata.org/entity/Q125631,Urban I,pope,"Urban, Pope Urban I, Urbanus I",https://en.wikipedia.org/wiki/Pope%20Urban%20I,,,http://commons.wikimedia.org/wiki/Special:FilePath/Ravensburg%20St%20Christina%20Hl%20Urban.jpg
http://www.wikidata.org/entity/Q132113,Pontian,pope,Pontianus,https://en.wikipedia.org/wiki/Pope%20Pontian,,,http://commons.wikimedia.org/wiki/Special:FilePath/Pontian.jpg
http://www.wikidata.org/entity/Q132100,Anterus,pope,Pope Anterus,https://en.wikipedia.org/wiki/Pope%20Anterus,,,http://commons.wikimedia.org/wiki/Special:FilePath/Anterus.jpg
http://www.wikidata.org/entity/Q131159,Fabian,pope,"Fabianus, Pope Fabian",https://en.wikipedia.org/wiki/Pope%20Fabian,,,http://commons.wikimedia.org/wiki/Special:FilePath/Saint%20Fabian1.jpg
http://www.wikidata.org/entity/Q54798,Cornelius,pope,Pope Cornelius,https://en.wikipedia.org/wiki/Pope%20Cornelius,,,http://commons.wikimedia.org/wiki/Special:FilePath/Heiliger%20Cornelius.jpg
http://www.wikidata.org/entity/Q132793,Lucius I,pope,"Lucius, Pope Lucius I",https://en.wikipedia.org/wiki/Pope%20Lucius%20I,,,http://commons.wikimedia.org/wiki/Special:FilePath/Lucius%20I.jpg
http://www.wikidata.org/entity/Q134666,Stephen I,pope,"Stephen, Pope Stephen I, Stephanus I",https://en.wikipedia.org/wiki/Pope%20Stephen%20I,,,http://commons.wikimedia.org/wiki/Special:FilePath/Stephen%20I.jpg
http://www.wikidata.org/entity/Q127385,Sixtus II,pope,Pope Sixtus II,https://en.wikipedia.org/wiki/Pope%20Sixtus%20II,,,http://commons.wikimedia.org/wiki/Special:FilePath/Altenfelden%20-%20Hochaltar%20-%20Papst%20Sixtus%20II.%201858.jpg
http://www.wikidata.org/entity/Q131162,Dionysius,pope,Pope Dionysius,https://en.wikipedia.org/wiki/Pope%20Dionysius,,,http://commons.wikimedia.org/wiki/Special:FilePath/Pope%20Dionysius.jpg
http://www.wikidata.org/entity/Q134687,Felix I,pope,"Felix, Pope Felix I",https://en.wikipedia.org/wiki/Pope%20Felix%20I,,,http://commons.wikimedia.org/wiki/Special:FilePath/PopeFelixI.jpg
http://www.wikidata.org/entity/Q162972,Eutychian,pope,"Eutychianus, Eutychien, Pope Eutychian, Pope Eutychianus, Saint Eutychian",https://en.wikipedia.org/wiki/Pope%20Eutychian,,,http://commons.wikimedia.org/wiki/Special:FilePath/Eutychian.jpg
http://www.wikidata.org/entity/Q160882,Caius,pope,Pope Caius,https://en.wikipedia.org/wiki/Pope%20Caius,,,http://commons.wikimedia.org/wiki/Special:FilePath/PCaius.jpg
http://www.wikidata.org/entity/Q160373,Marcellinus,pope,"Pope Marcellinus, Pope Saint Marcellinus",https://en.wikipedia.org/wiki/Pope%20Marcellinus,,,http://commons.wikimedia.org/wiki/Special:FilePath/Marcellinus.jpg
http://www.wikidata.org/entity/Q160514,Eusebius,pope,"Saint Eusebius, Pope Eusebius, Εὐσέβιος",https://en.wikipedia.org/wiki/Pope%20Eusebius,,,http://commons.wikimedia.org/wiki/Special:FilePath/Eusebius.jpg
http://www.wikidata.org/entity/Q102131,Marcellus I,pope,"Marcellus, Pope Marcellus I",https://en.wikipedia.org/wiki/Pope%20Marcellus%20I,,,http://commons.wikimedia.org/wiki/Special:FilePath/Papa%20Marcelo%20I.jpg
http://www.wikidata.org/entity/Q162090,Miltiades,pope,Pope Miltiades,https://en.wikipedia.org/wiki/Pope%20Miltiades,,,http://commons.wikimedia.org/wiki/Special:FilePath/Pope%20Miltiades.jpg
http://www.wikidata.org/entity/Q47149,Sylvester I,pope and saint,"Sylvester, Saint Sylvester, Papa Silvester / Sylvester I, Pope Sylvester I, Silvester I, St Sylvester, St. Sylvester",https://en.wikipedia.org/wiki/Pope%20Sylvester%20I,,,http://commons.wikimedia.org/wiki/Special:FilePath/Sylvester%20I%20and%20Constantine.jpg
http://www.wikidata.org/entity/Q132797,Mark,pope,"Marcus, Papa Marcus, Pope Marcus, Pope Mark",https://en.wikipedia.org/wiki/Pope%20Mark,,,http://commons.wikimedia.org/wiki/Special:FilePath/Marcus%20%28papa%29.jpg
http://www.wikidata.org/entity/Q103101,Julius I,pope,"Iulius I, Julius, Pope Julius I",https://en.wikipedia.org/wiki/Pope%20Julius%20I,,,http://commons.wikimedia.org/wiki/Special:FilePath/Iulius%20I.jpg
http://www.wikidata.org/entity/Q102105,Liberius,pope,Pope Liberius,https://en.wikipedia.org/wiki/Pope%20Liberius,,,http://commons.wikimedia.org/wiki/Special:FilePath/Liberio%20papa1.gif
http://www.wikidata.org/entity/Q130997,Damasus I,pope,"Damasus, Pope Damasus I",https://en.wikipedia.org/wiki/Pope%20Damasus%20I,,,http://commons.wikimedia.org/wiki/Special:FilePath/Saintdamasus.jpg
http://www.wikidata.org/entity/Q161443,Siricius,pope,Pope Siricius,https://en.wikipedia.org/wiki/Pope%20Siricius,,,http://commons.wikimedia.org/wiki/Special:FilePath/Siricius.jpg
http://www.wikidata.org/entity/Q134682,Anastasius I,pope,"Anastasius, Pope Anastasius I",https://en.wikipedia.org/wiki/Pope%20Anastasius%20I,,,http://commons.wikimedia.org/wiki/Special:FilePath/Anastasius%20I.jpg
http://www.wikidata.org/entity/Q134694,Innocent I,pope,"Innocent, ‏ papa Innocenzo‏ I, Innocentius I, Pope Innocent I, Pope, Saint Innocent I, Saint Innocent I, Saint, Pope Innocentius I, santo Innocentius PP. I",https://en.wikipedia.org/wiki/Pope%20Innocent%20I,,,http://commons.wikimedia.org/wiki/Special:FilePath/Innocentius%20I.jpg
http://www.wikidata.org/entity/Q162571,Zosimus,pope,Pope Zosimus,https://en.wikipedia.org/wiki/Pope%20Zosimus,,,http://commons.wikimedia.org/wiki/Special:FilePath/Zosimus.jpg
http://www.wikidata.org/entity/Q160907,Boniface I,pope,"Boniface, Bonifacius I, Pope Boniface I",https://en.wikipedia.org/wiki/Pope%20Boniface%20I,,,http://commons.wikimedia.org/wiki/Special:FilePath/Pope%20Boniface%20I.jpg
http://www.wikidata.org/entity/Q160922,Celestine I,pope,"Caelestinus I, Pope Celestine I",https://en.wikipedia.org/wiki/Pope%20Celestine%20I,,,http://commons.wikimedia.org/wiki/Special:FilePath/Coelestinus%20I.png
http://www.wikidata.org/entity/Q167065,Sixtus III,pope,Pope Sixtus III,https://en.wikipedia.org/wiki/Pope%20Sixtus%20III,,,http://commons.wikimedia.org/wiki/Special:FilePath/Pope-Sixtus-III.jpg
http://www.wikidata.org/entity/Q43954,Leo I,Pope from 440 to 461,"Leo, de Grote Leo, der Grosse, Saint Leo, Leo I. Papst, Leo the Great, Magno, Saint Leone, Magnus, santo Leo PP. I, Papa Leo I, papa Leone I, Papa, Santo León I, Pope Leo I, Pope Saint Leo I the Great, Pope St. Leo I",https://en.wikipedia.org/wiki/Pope%20Leo%20I,,,http://commons.wikimedia.org/wiki/Special:FilePath/StLeo%20I.JPG
http://www.wikidata.org/entity/Q172377,Hilarius,pope,"Hilarus, Hilarus Papst, Pope Hilarius, Pope Hilary, Pope Saint Hilarus, Pope, Saint Hilary, Saint Hilary",https://en.wikipedia.org/wiki/Pope%20Hilarius,,,http://commons.wikimedia.org/wiki/Special:FilePath/Nuremberg%20chronicles%20-%20Hilarius%2C%20Pope%20%28CXXXVIv%29.jpg
http://www.wikidata.org/entity/Q168741,Simplicius,pope,Pope Simplicius,https://en.wikipedia.org/wiki/Pope%20Simplicius,,,http://commons.wikimedia.org/wiki/Special:FilePath/Sansimpliciopapa.jpg
http://www.wikidata.org/entity/Q174029,Felix III,pope (483-492),"Felix II, Pope Felix II, Pope Felix III, Pope St. Felix III, Pope, Saint Felix III or II, Saint Felix III",https://en.wikipedia.org/wiki/Pope%20Felix%20III,,,http://commons.wikimedia.org/wiki/Special:FilePath/Felix3.jpg
http://www.wikidata.org/entity/Q162135,Gelasius I,pope,Pope Gelasius I,https://en.wikipedia.org/wiki/Pope%20Gelasius%20I,,,http://commons.wikimedia.org/wiki/Special:FilePath/Papa%20Gelasio%20I.jpg
http://www.wikidata.org/entity/Q132786,Anastasius II,pope,Pope Anastasius II,https://en.wikipedia.org/wiki/Pope%20Anastasius%20II,,,http://commons.wikimedia.org/wiki/Special:FilePath/Anastasius%20II.jpg
http://www.wikidata.org/entity/Q160935,Symmachus,Pope from 498 to 514,Pope Symmachus,https://en.wikipedia.org/wiki/Pope%20Symmachus,,,http://commons.wikimedia.org/wiki/Special:FilePath/Pope%20Symmachus%20-%20Apse%20mosaic%20-%20Sant%27Agnese%20fuori%20le%20mura%20-%20Rome%202016.jpg
http://www.wikidata.org/entity/Q160931,Hormisdas,pope,Pope Hormisdas,https://en.wikipedia.org/wiki/Pope%20Hormisdas,,,http://commons.wikimedia.org/wiki/Special:FilePath/Pope%20Hormisdas.jpg
http://www.wikidata.org/entity/Q160916,John I,pope,"John, Ioannes I, Pope John, Pope John I",https://en.wikipedia.org/wiki/Pope%20John%20I,,,http://commons.wikimedia.org/wiki/Special:FilePath/Johannes%20I.jpg
http://www.wikidata.org/entity/Q162080,Felix IV,pope (526-530),"Felix III, Felix IV. Papa, Pope Felix III, Pope Felix IV, Pope St. Felix IV, Saint Felix IV",https://en.wikipedia.org/wiki/Pope%20Felix%20IV,,,http://commons.wikimedia.org/wiki/Special:FilePath/Mosaic%20of%20Felix%20IV%20%28III%29%20in%20Santi%20Cosma%20e%20Damiano%2C%20Rome%2C%20Italy%20%28527%E2%80%93530%29.jpg
http://www.wikidata.org/entity/Q103300,Boniface II,pope,Pope Boniface II,https://en.wikipedia.org/wiki/Pope%20Boniface%20II,,,http://commons.wikimedia.org/wiki/Special:FilePath/Boniface%20II.jpg
http://www.wikidata.org/entity/Q168736,John II,pope,"Ioannes II, Mercurius, Pope John II",https://en.wikipedia.org/wiki/Pope%20John%20II,,,http://commons.wikimedia.org/wiki/Special:FilePath/Johannes%20II.jpg
http://www.wikidata.org/entity/Q160900,Agapetus I,pope,"Agapetus, Pope Agapetus, Pope Agapetus I",https://en.wikipedia.org/wiki/Pope%20Agapetus%20I,,,http://commons.wikimedia.org/wiki/Special:FilePath/Agapitus%20I.jpg
http://www.wikidata.org/entity/Q149315,Silverius,pope,Pope Silverius,https://en.wikipedia.org/wiki/Pope%20Silverius,,,http://commons.wikimedia.org/wiki/Special:FilePath/Pope%20Silverius.jpg
http://www.wikidata.org/entity/Q168734,Vigilius,pope,"Pope Vigilius, Pope Vigilius I, Vigilius I",https://en.wikipedia.org/wiki/Pope%20Vigilius,,,http://commons.wikimedia.org/wiki/Special:FilePath/Papa%20Virgilio%201678.jpg
http://www.wikidata.org/entity/Q170303,Pelagius I,pope,"Pelagius, Pope Pelagius, Pope Pelagius I",https://en.wikipedia.org/wiki/Pope%20Pelagius%20I,,,http://commons.wikimedia.org/wiki/Special:FilePath/Pope%20Pelagius%20I.jpg
http://www.wikidata.org/entity/Q103260,John III,pope,"Ioannes III, Catelinus, Pope John III",https://en.wikipedia.org/wiki/Pope%20John%20III,,,http://commons.wikimedia.org/wiki/Special:FilePath/Papa%20Joao%20III.jpg
http://www.wikidata.org/entity/Q151902,Benedict I,pope,"Benedict, Pope Benedict, Pope Benedict I",https://en.wikipedia.org/wiki/Pope%20Benedict%20I,,,http://commons.wikimedia.org/wiki/Special:FilePath/Benedict%20I.jpg
http://www.wikidata.org/entity/Q151908,Pelagius II,pope,Pope Pelagius II,https://en.wikipedia.org/wiki/Pope%20Pelagius%20II,,,http://commons.wikimedia.org/wiki/Special:FilePath/PopePelagiusII.jpg
http://www.wikidata.org/entity/Q42827,Gregory I,Pope from 590 to 604,"Gregory, Gregorio, ‏ papa Gregorio‏ I, de Grote, Saint Gregorius, der Grosse, Saint Gregor, Grēgorios, Gregorius Anicius, Gregorius Magnus, Gregory the Great, le Grand, Saint Grégoire, Magnus, Saint Gregorius, Magnus, santo Gregorius PP. I, pape Grégoire I, Pope Gregory I, Pope Gregory the Great, Pope Saint Gregory I the Great, Pope St. Gregory I, Saint Gregory, Saint Gregory I, Saint Gregory the Great, St Gregory, St Gregory I, St Gregory the Great, St. Gregory the Dialogist, St. Gregory the Great, the Great, Saint Gregory",https://en.wikipedia.org/wiki/Pope%20Gregory%20I,,,http://commons.wikimedia.org/wiki/Special:FilePath/Francisco%20de%20Zurbar%C3%A1n%20040.jpg
http://www.wikidata.org/entity/Q170498,Sabinian,pope,Pope Sabinian,https://en.wikipedia.org/wiki/Pope%20Sabinian,,,http://commons.wikimedia.org/wiki/Special:FilePath/Sabinian.jpg
http://www.wikidata.org/entity/Q170297,Boniface III,pope,Pope Boniface III,https://en.wikipedia.org/wiki/Pope%20Boniface%20III,,,http://commons.wikimedia.org/wiki/Special:FilePath/Boniface%20III.jpg
http://www.wikidata.org/entity/Q170505,Boniface IV,pope,Pope Boniface IV,https://en.wikipedia.org/wiki/Pope%20Boniface%20IV,,,http://commons.wikimedia.org/wiki/Special:FilePath/San%20Bonifacio%20IV%20papa1.gif
http://www.wikidata.org/entity/Q170550,Adeodatus I,pope,"Adeodatus, Deusdedit, Deodatus, Pope Adeodatus, Deodatus I, Deusdedit I, Deusdedit, son of Stephen, Pope Adeodatus I, Pope Deodatus, Pope Deodatus I, Pope Deusdedit, Pope Deusdedit I",https://en.wikipedia.org/wiki/Pope%20Adeodatus%20I,,,http://commons.wikimedia.org/wiki/Special:FilePath/Adeodatus%20I%20%28Deusdedit%20I%29.jpg
http://www.wikidata.org/entity/Q170299,Boniface V,pope,Pope Boniface V,https://en.wikipedia.org/wiki/Pope%20Boniface%20V,,,http://commons.wikimedia.org/wiki/Special:FilePath/Papa%20Bonifacio%20V.jpg
http://www.wikidata.org/entity/Q170502,Honorius I,pope,"Honorius, Pope Honorius, Pope Honorius I",https://en.wikipedia.org/wiki/Pope%20Honorius%20I,,,http://commons.wikimedia.org/wiki/Special:FilePath/Pope%20Honorius%20I%20-%20Apse%20mosaic%20-%20Sant%27Agnese%20fuori%20le%20mura%20-%20Rome%202016.jpg
http://www.wikidata.org/entity/Q199486,Severinus,pope,Pope Severinus,https://en.wikipedia.org/wiki/Pope%20Severinus,,,http://commons.wikimedia.org/wiki/Special:FilePath/Severinus.jpg
http://www.wikidata.org/entity/Q199491,John IV,pope,"Ioannes IV, Pope John IV",https://en.wikipedia.org/wiki/Pope%20John%20IV,,,http://commons.wikimedia.org/wiki/Special:FilePath/Murner%20History%20Cod%20Karlsruhe%203117%20%28crop%29.jpg
http://www.wikidata.org/entity/Q104244,Theodore I,pope,"Pope Theodore, Theodore, Pope Theodore I",https://en.wikipedia.org/wiki/Pope%20Theodore%20I,,,http://commons.wikimedia.org/wiki/Special:FilePath/Theodorus%20I.jpg
http://www.wikidata.org/entity/Q172390,Martin I,pope,"Martin, Pope Martin, Pope Martin I",https://en.wikipedia.org/wiki/Pope%20Martin%20I,,,http://commons.wikimedia.org/wiki/Special:FilePath/Pope%20Martin%20I.jpg
http://www.wikidata.org/entity/Q199498,Eugene I,pope,"Eugene, Pope Eugene, Pope Eugene I",https://en.wikipedia.org/wiki/Pope%20Eugene%20I,,,http://commons.wikimedia.org/wiki/Special:FilePath/Papa%20Eugenio%20I%20%281%29.jpg
http://www.wikidata.org/entity/Q199612,Vitalian,pope,Pope Vitalian,https://en.wikipedia.org/wiki/Pope%20Vitalian,,,http://commons.wikimedia.org/wiki/Special:FilePath/Pope%20Vitalian.jpg
http://www.wikidata.org/entity/Q103396,Adeodatus II,pope,Pope Adeodatus II,https://en.wikipedia.org/wiki/Pope%20Adeodatus%20II,,,http://commons.wikimedia.org/wiki/Special:FilePath/Adeodatus%20II.jpg
http://www.wikidata.org/entity/Q103545,Donus,pope,Pope Donus,https://en.wikipedia.org/wiki/Pope%20Donus,,,http://commons.wikimedia.org/wiki/Special:FilePath/Dono%20I.jpg
http://www.wikidata.org/entity/Q104467,Agatho,pope,Pope Agatho,https://en.wikipedia.org/wiki/Pope%20Agatho,,,http://commons.wikimedia.org/wiki/Special:FilePath/Pope%20Agatho%20%28Menologion%20of%20Basil%20II%29.jpg
http://www.wikidata.org/entity/Q103328,Leo II,pope,"Leo Maneius, Pope Leo II, Pope Saint Leo II",https://en.wikipedia.org/wiki/Pope%20Leo%20II,,,http://commons.wikimedia.org/wiki/Special:FilePath/LeoII.jpg
http://www.wikidata.org/entity/Q163787,Benedict II,pope,"Benedictus Sabellus, Pope Benedict II",https://en.wikipedia.org/wiki/Pope%20Benedict%20II,,,http://commons.wikimedia.org/wiki/Special:FilePath/BenedictII.jpg
http://www.wikidata.org/entity/Q199533,John V,pope,"Ioannes V, Pope John V",https://en.wikipedia.org/wiki/Pope%20John%20V,,,http://commons.wikimedia.org/wiki/Special:FilePath/Johannes%20V.jpg
http://www.wikidata.org/entity/Q171537,Conon,pope,Pope Conon,https://en.wikipedia.org/wiki/Pope%20Conon,,,http://commons.wikimedia.org/wiki/Special:FilePath/Konon.jpg
http://www.wikidata.org/entity/Q173086,Sergius I,pope,"Pope Sergius, Pope Sergius I, Sergius",https://en.wikipedia.org/wiki/Pope%20Sergius%20I,,,http://commons.wikimedia.org/wiki/Special:FilePath/Sergius%20I.jpg
http://www.wikidata.org/entity/Q199487,John VI,pope,"Ioannes VI, Pope John VI",https://en.wikipedia.org/wiki/Pope%20John%20VI,,,http://commons.wikimedia.org/wiki/Special:FilePath/John%20VI.jpg
http://www.wikidata.org/entity/Q199496,John VII,pope,"Ioannes VII, Pope John VII",https://en.wikipedia.org/wiki/Pope%20John%20VII,,,http://commons.wikimedia.org/wiki/Special:FilePath/Byzantinischer%20Mosaizist%20um%20705%20002.jpg
http://www.wikidata.org/entity/Q103277,Sisinnius,pope,Pope Sisinnius,https://en.wikipedia.org/wiki/Pope%20Sisinnius,,,http://commons.wikimedia.org/wiki/Special:FilePath/Sisinnius.jpg
http://www.wikidata.org/entity/Q103314,Constantine,pope,Pope Constantine,https://en.wikipedia.org/wiki/Pope%20Constantine,,,http://commons.wikimedia.org/wiki/Special:FilePath/PopeConstantine.jpg
http://www.wikidata.org/entity/Q103321,Gregory II,89th Pope of the Roman Catholic Church (from 715 to 731),"Gregorius II. Papa, Gregorius Sabellus, Pope Gregory II, Pope St. Gregory II, Pope, Saint Gregory II, Saint Gregory II",https://en.wikipedia.org/wiki/Pope%20Gregory%20II,,,http://commons.wikimedia.org/wiki/Special:FilePath/Greg2.jpg
http://www.wikidata.org/entity/Q103268,Gregory III,90th Pope of the Roman Catholic Church,Pope Gregory III,https://en.wikipedia.org/wiki/Pope%20Gregory%20III,,,http://commons.wikimedia.org/wiki/Special:FilePath/Pope%20Gregory%20III.jpg
http://www.wikidata.org/entity/Q139467,Zachary,pope,Pope Zachary,https://en.wikipedia.org/wiki/Pope%20Zachary,,,http://commons.wikimedia.org/wiki/Special:FilePath/00Zaccaria%20Papa.jpg
http://www.wikidata.org/entity/Q383322,Pope-elect Stephen,a priest of Rome elected pope in March 752,"Pope Stephen II, Stephanus II",https://en.wikipedia.org/wiki/Pope-elect%20Stephen,,,http://commons.wikimedia.org/wiki/Special:FilePath/Pope%20Stephen%20%28papacy%20752-757%29.jpg
http://www.wikidata.org/entity/Q211789,Stephen II,pope,Pope Stephen II,https://en.wikipedia.org/wiki/Pope%20Stephen%20II,,,http://commons.wikimedia.org/wiki/Special:FilePath/La%20donacion%20de%20Pipino%20el%20Breve%20al%20Papa%20Esteban%20II.jpg
http://www.wikidata.org/entity/Q103404,Paul I,pope,"Paul, Paulus I, Pope Paul, Pope Paul I",https://en.wikipedia.org/wiki/Pope%20Paul%20I,,,http://commons.wikimedia.org/wiki/Special:FilePath/Paul%20I.jpg
http://www.wikidata.org/entity/Q320531,Stephen III,pope,"Pope Stephanus III, Pope Stephen III, Stephanus III, Stephanus IV",https://en.wikipedia.org/wiki/Pope%20Stephen%20III,,,http://commons.wikimedia.org/wiki/Special:FilePath/StephenIII.jpg
http://www.wikidata.org/entity/Q103292,Adrian I,Pope from 772 to 795,"Adrian, Pope Adrian, Hadrianus I, Pope Adrian I",https://en.wikipedia.org/wiki/Pope%20Adrian%20I,,,http://commons.wikimedia.org/wiki/Special:FilePath/Papa%20Hadrianus%20I.jpg
http://www.wikidata.org/entity/Q132086,Leo III,pope,"Papa Leo III, Pope Leo III",https://en.wikipedia.org/wiki/Pope%20Leo%20III,,,http://commons.wikimedia.org/wiki/Special:FilePath/Papa%20Leone%20III.jpg
http://www.wikidata.org/entity/Q193854,Stephen IV,pope,"Pope Stephen IV, Stephanus V",https://en.wikipedia.org/wiki/Pope%20Stephen%20IV,,,http://commons.wikimedia.org/wiki/Special:FilePath/Stephen%20V.jpg
http://www.wikidata.org/entity/Q103308,Paschal I,pope,"Pascale Massimi, Paschal, Pope Paschal, Pope Paschal I",https://en.wikipedia.org/wiki/Pope%20Paschal%20I,,,http://commons.wikimedia.org/wiki/Special:FilePath/Pope%20Paschalis%20I.%20in%20apsis%20mosaic%20of%20Santa%20Prassede%20in%20Rome.gif
http://www.wikidata.org/entity/Q104205,Eugene II,pope,Pope Eugene II,https://en.wikipedia.org/wiki/Pope%20Eugene%20II,,,http://commons.wikimedia.org/wiki/Special:FilePath/Eugene%20II.jpg
http://www.wikidata.org/entity/Q168733,Valentine,pope,Pope Valentine,https://en.wikipedia.org/wiki/Pope%20Valentine,,,http://commons.wikimedia.org/wiki/Special:FilePath/Valentine.jpg
http://www.wikidata.org/entity/Q167052,Gregory IV,Pope from 827 until 844,"Gregorius, Pope Gregory IV",https://en.wikipedia.org/wiki/Pope%20Gregory%20IV,,,http://commons.wikimedia.org/wiki/Special:FilePath/Greg4papa.jpg
http://www.wikidata.org/entity/Q167052,Gregory IV,Pope from 827 until 844,"Gregorius, Pope Gregory IV",https://en.wikipedia.org/wiki/Pope%20Gregory%20IV,,,http://commons.wikimedia.org/wiki/Special:FilePath/Gregory-IV%20Raban-Maur.jpg
http://www.wikidata.org/entity/Q228644,Sergius II,pope,Pope Sergius II,https://en.wikipedia.org/wiki/Pope%20Sergius%20II,,,http://commons.wikimedia.org/wiki/Special:FilePath/Pope%20Sergius%20II.jpg
http://www.wikidata.org/entity/Q228205,Leo IV,pope of the Roman Catholic Church,"Pope Leo IV, Pope Saint Leo IV",https://en.wikipedia.org/wiki/Pope%20Leo%20IV,,,http://commons.wikimedia.org/wiki/Special:FilePath/St.Leo%20IV.jpg
http://www.wikidata.org/entity/Q243811,Pope Joan,mythical female pope,Popess Joan,https://en.wikipedia.org/wiki/Pope%20Joan,,,http://commons.wikimedia.org/wiki/Special:FilePath/Papesse%20Jeanne%20BnF%20Fran%C3%A7ais%20599%20fol.%2088.jpg
http://www.wikidata.org/entity/Q172445,Benedict III,pope,Pope Benedict III,https://en.wikipedia.org/wiki/Pope%20Benedict%20III,,,http://commons.wikimedia.org/wiki/Special:FilePath/Pope%20Benedict%20III.jpg
http://www.wikidata.org/entity/Q170503,Nicholas I,pope,"Nicholas, Pope Nicholas, Pope Nicholas I",https://en.wikipedia.org/wiki/Pope%20Nicholas%20I,,,http://commons.wikimedia.org/wiki/Special:FilePath/Pope%20Nicholas%20I.jpg
http://www.wikidata.org/entity/Q173995,Adrian II,pope,Pope Adrian II,https://en.wikipedia.org/wiki/Pope%20Adrian%20II,,,http://commons.wikimedia.org/wiki/Special:FilePath/Adrian%20II.jpg
http://www.wikidata.org/entity/Q170504,John VIII,pope of catholic church from 872 until 882,"Ioannes VIII, Pope John VIII",https://en.wikipedia.org/wiki/Pope%20John%20VIII,,,http://commons.wikimedia.org/wiki/Special:FilePath/Pope%20John%20VIII.jpg
http://www.wikidata.org/entity/Q227721,Marinus I,pope,"Pope Marinus, Marinus, Pope Marinus I",https://en.wikipedia.org/wiki/Pope%20Marinus%20I,,,http://commons.wikimedia.org/wiki/Special:FilePath/Marinus%20I.jpg
http://www.wikidata.org/entity/Q172398,Adrian III,pope,Pope Adrian III,https://en.wikipedia.org/wiki/Pope%20Adrian%20III,,,http://commons.wikimedia.org/wiki/Special:FilePath/Papa%20Hardianus%20III.jpg
http://www.wikidata.org/entity/Q245030,Stephen V,pope,"Pope Stephen VI, Pope Stephen V, Stephanus VI",https://en.wikipedia.org/wiki/Pope%20Stephen%20V,,,http://commons.wikimedia.org/wiki/Special:FilePath/Stephen%20V.jpg
http://www.wikidata.org/entity/Q170499,Formosus,pope,Pope Formosus,https://en.wikipedia.org/wiki/Pope%20Formosus,,,http://commons.wikimedia.org/wiki/Special:FilePath/111.Formosus.jpg
http://www.wikidata.org/entity/Q178071,Boniface VI,pope,Pope Boniface VI,https://en.wikipedia.org/wiki/Pope%20Boniface%20VI,,,http://commons.wikimedia.org/wiki/Special:FilePath/Boniface%20VI.jpg
http://www.wikidata.org/entity/Q238947,Stephen VI,pope,"Pope Stephen VI, Pope Stephen VII, Stephanus VII",https://en.wikipedia.org/wiki/Pope%20Stephen%20VI,,,http://commons.wikimedia.org/wiki/Special:FilePath/Stephen%20VI.jpg
http://www.wikidata.org/entity/Q170500,Romanus,pope,Pope Romanus,https://en.wikipedia.org/wiki/Pope%20Romanus,,,http://commons.wikimedia.org/wiki/Special:FilePath/Pope%20Romanus.jpg
http://www.wikidata.org/entity/Q172432,Theodore II,pope,Pope Theodore II,https://en.wikipedia.org/wiki/Pope%20Theodore%20II,,,http://commons.wikimedia.org/wiki/Special:FilePath/Pope%20Theodore%20II.jpg
http://www.wikidata.org/entity/Q227961,John IX,pope,"Ioannes IX, Pope John IX",https://en.wikipedia.org/wiki/Pope%20John%20IX,,,http://commons.wikimedia.org/wiki/Special:FilePath/John%20IX.jpg
http://www.wikidata.org/entity/Q182463,Benedict IV,pope,Pope Benedict IV,https://en.wikipedia.org/wiki/Pope%20Benedict%20IV,,,http://commons.wikimedia.org/wiki/Special:FilePath/Pope%20Benedict%20IV.jpg
http://www.wikidata.org/entity/Q172404,Leo V,pope,Pope Leo V,https://en.wikipedia.org/wiki/Pope%20Leo%20V,,,http://commons.wikimedia.org/wiki/Special:FilePath/Pope%20Leo%20V.jpg
http://www.wikidata.org/entity/Q172424,Sergius III,pope,Pope Sergius III,https://en.wikipedia.org/wiki/Pope%20Sergius%20III,,,http://commons.wikimedia.org/wiki/Special:FilePath/SergiusIII.jpg
http://www.wikidata.org/entity/Q103431,Anastasius III,pope,Pope Anastasius III,https://en.wikipedia.org/wiki/Pope%20Anastasius%20III,,,http://commons.wikimedia.org/wiki/Special:FilePath/Pope%20Anastasius%20III.jpg
http://www.wikidata.org/entity/Q104798,Lando,Pope from 913 to 914,Pope Lando,https://en.wikipedia.org/wiki/Pope%20Lando,,,http://commons.wikimedia.org/wiki/Special:FilePath/Pope%20Lando.jpg
http://www.wikidata.org/entity/Q227976,John X,pope,"Giovanni da Tossignano, Ioannes X, Pope John X",https://en.wikipedia.org/wiki/Pope%20John%20X,,,http://commons.wikimedia.org/wiki/Special:FilePath/Pope%20John%20X.jpg
http://www.wikidata.org/entity/Q103795,Leo VI,pope,"Leo Sanguini, Papa Leo VI, Pope Leo VI",https://en.wikipedia.org/wiki/Pope%20Leo%20VI,,,http://commons.wikimedia.org/wiki/Special:FilePath/Pope%20Leo%20VI.jpg
http://www.wikidata.org/entity/Q235920,Stephen VII,pope (929-931),"Pope Stephen VII, Pope Stephen VIII, Stephen VIII, Stephanus de Gabrielli, Stephanus VIII",https://en.wikipedia.org/wiki/Pope%20Stephen%20VII,,,http://commons.wikimedia.org/wiki/Special:FilePath/Stephen%20VII.jpg
http://www.wikidata.org/entity/Q181959,John XI,pope,"Ioannes XI, Pope John XI",https://en.wikipedia.org/wiki/Pope%20John%20XI,,,http://commons.wikimedia.org/wiki/Special:FilePath/Ioannes%20XI.jpg
http://www.wikidata.org/entity/Q182489,Leo VII,pope,Pope Leo VII,https://en.wikipedia.org/wiki/Pope%20Leo%20VII,,,http://commons.wikimedia.org/wiki/Special:FilePath/Leone-VII.jpg
http://www.wikidata.org/entity/Q222500,Stephen VIII,pope,"Pope Stephen IX, Pope Stephen VIII, Stephanus IX",https://en.wikipedia.org/wiki/Pope%20Stephen%20VIII,,,http://commons.wikimedia.org/wiki/Special:FilePath/Stephen%20VIII.JPG
http://www.wikidata.org/entity/Q103423,Marinus II,pope,Pope Marinus II,https://en.wikipedia.org/wiki/Pope%20Marinus%20II,,,http://commons.wikimedia.org/wiki/Special:FilePath/Marinus%20II.jpg
http://www.wikidata.org/entity/Q103389,Agapetus II,pope,Pope Agapetus II,https://en.wikipedia.org/wiki/Pope%20Agapetus%20II,,,http://commons.wikimedia.org/wiki/Special:FilePath/AGAPITUSII.jpg
http://www.wikidata.org/entity/Q172933,John XII,pope,"Ottaviano, Ioannes XII, Pope John XII",https://en.wikipedia.org/wiki/Pope%20John%20XII,,,http://commons.wikimedia.org/wiki/Special:FilePath/GiovanniXII.jpg
http://www.wikidata.org/entity/Q170559,Benedict V,pope,"Benedetto, Benedictus V, Pope Benedict V",https://en.wikipedia.org/wiki/Pope%20Benedict%20V,,,http://commons.wikimedia.org/wiki/Special:FilePath/Pope%20Benedict%20V.jpg
http://www.wikidata.org/entity/Q227965,Leo VIII,pope,Pope Leo VIII,https://en.wikipedia.org/wiki/Pope%20Leo%20VIII,,,http://commons.wikimedia.org/wiki/Special:FilePath/Pope%20Leo%20VIII.jpg
http://www.wikidata.org/entity/Q181952,John XIII,pope,"Giovanni Crescentius, Ioannes XIII, Pope John XIII",https://en.wikipedia.org/wiki/Pope%20John%20XIII,,,http://commons.wikimedia.org/wiki/Special:FilePath/Papa%20Ioannes%20XIII.jpg
http://www.wikidata.org/entity/Q179882,Benedict VI,pope,"Benedictus, Benedictus VI, Pope Benedict VI",https://en.wikipedia.org/wiki/Pope%20Benedict%20VI,,,http://commons.wikimedia.org/wiki/Special:FilePath/Pope%20Benedict%20VI.jpg
http://www.wikidata.org/entity/Q179697,Benedict VII,pope,"Benedictus VII, Pope Benedict VII",https://en.wikipedia.org/wiki/Pope%20Benedict%20VII,,,http://commons.wikimedia.org/wiki/Special:FilePath/Pope%20Benedict%20VII.jpg
http://www.wikidata.org/entity/Q227972,John XIV,pope,"Ioannes XIV, Pietro Canepanova, Pope John XIV",https://en.wikipedia.org/wiki/Pope%20John%20XIV,,,http://commons.wikimedia.org/wiki/Special:FilePath/Pope%20John%20XIV.jpg
http://www.wikidata.org/entity/Q228649,John XV,pope,"John, Ioannes XV, Pope John XV",https://en.wikipedia.org/wiki/Pope%20John%20XV,,,http://commons.wikimedia.org/wiki/Special:FilePath/Pope%20John%20XV.jpg
http://www.wikidata.org/entity/Q58571,Gregory V,Pope from 996 to 999,"Bruno of Carinthia, Pope Gregory V",https://en.wikipedia.org/wiki/Pope%20Gregory%20V,,,http://commons.wikimedia.org/wiki/Special:FilePath/Otto%20III%20wird%20von%20Papst%20Gregor%20V.%20zum%20Kaiser%20gesalbt.jpg
http://www.wikidata.org/entity/Q172383,Sylvester II,pope,"Gerbert d'Aurillac, Pope Sylvester II",https://en.wikipedia.org/wiki/Pope%20Sylvester%20II,,,http://commons.wikimedia.org/wiki/Special:FilePath/Silvester%20II.JPG
http://www.wikidata.org/entity/Q227963,John XVII,pope,"Ioannes XVII, John Sicco, Pope John XVII",https://en.wikipedia.org/wiki/Pope%20John%20XVII,,,http://commons.wikimedia.org/wiki/Special:FilePath/Papa%20Joao%20XVII.jpg
http://www.wikidata.org/entity/Q179702,John XVIII,pope of the Catholic Church,"Giovanni Fasano, Ioannes XVIII, Pope John XVIII",https://en.wikipedia.org/wiki/Pope%20John%20XVIII,,,http://commons.wikimedia.org/wiki/Special:FilePath/Ioannes%20XVIII.jpg
http://www.wikidata.org/entity/Q227970,Sergius IV,Pope from 1009 to 1012,"Pietro Martino Buccaporci, Pope Sergius IV",https://en.wikipedia.org/wiki/Pope%20Sergius%20IV,,,http://commons.wikimedia.org/wiki/Special:FilePath/Sergius%20IV.jpg
http://www.wikidata.org/entity/Q162102,Benedict VIII,pope,"Benedictus VIII, Pope Benedict VIII, Theophylactus",https://en.wikipedia.org/wiki/Pope%20Benedict%20VIII,,,http://commons.wikimedia.org/wiki/Special:FilePath/Benedykt%20VIII.jpg
http://www.wikidata.org/entity/Q227978,John XIX,pope,"Romanus, Ioannes XIX, Pope John XIX",https://en.wikipedia.org/wiki/Pope%20John%20XIX,,,http://commons.wikimedia.org/wiki/Special:FilePath/B%20Johannes%20XIX.jpg
http://www.wikidata.org/entity/Q178799,Benedict IX,pope,"Benedictus IX, Pope Benedict IX, Theophylactus of Tusculum",https://en.wikipedia.org/wiki/Pope%20Benedict%20IX,,,http://commons.wikimedia.org/wiki/Special:FilePath/Papa%20Benedictus%20IX.jpg
http://www.wikidata.org/entity/Q46090,Sylvester III,pope,"Giovanni dei Crescenzi–Ottaviani, Pope Sylvester III, Silvester III",https://en.wikipedia.org/wiki/Pope%20Sylvester%20III,,,http://commons.wikimedia.org/wiki/Special:FilePath/Silvestro3.jpg
http://www.wikidata.org/entity/Q178799,Benedict IX,pope,"Benedictus IX, Pope Benedict IX, Theophylactus of Tusculum",https://en.wikipedia.org/wiki/Pope%20Benedict%20IX,,,http://commons.wikimedia.org/wiki/Special:FilePath/Papa%20Benedictus%20IX.jpg
http://www.wikidata.org/entity/Q227981,Gregory VI,Pope from 1045 to 1046,"Giovanni Graziano, Gregorius VI, Johannes Gratianus, John de Gratiano, John Gratian, Pope Gregory VI",https://en.wikipedia.org/wiki/Pope%20Gregory%20VI,,,http://commons.wikimedia.org/wiki/Special:FilePath/B%20Gregor%20VI.jpg
http://www.wikidata.org/entity/Q58573,Clement II,pope,"Bischof zu Bamberg Suidger, Clemens II, Pope Clement II, Suidger, Suidger von Mayendorff, Suidger von Morsleben",https://en.wikipedia.org/wiki/Pope%20Clement%20II,,,http://commons.wikimedia.org/wiki/Special:FilePath/Pope%20clement%20II.jpg
http://www.wikidata.org/entity/Q178799,Benedict IX,pope,"Benedictus IX, Pope Benedict IX, Theophylactus of Tusculum",https://en.wikipedia.org/wiki/Pope%20Benedict%20IX,,,http://commons.wikimedia.org/wiki/Special:FilePath/Papa%20Benedictus%20IX.jpg
http://www.wikidata.org/entity/Q60063,Damasus II,pope,"Boppo, Pope Damasus II, Poppo",https://en.wikipedia.org/wiki/Pope%20Damasus%20II,,,http://commons.wikimedia.org/wiki/Special:FilePath/B%20Damasus%20II1.jpg
http://www.wikidata.org/entity/Q58559,Leo IX,pope,"Bruno of Egisheim-Dagsburg, Pope Leo IX, Pope Saint Leo IX",https://en.wikipedia.org/wiki/Pope%20Leo%20IX,,,http://commons.wikimedia.org/wiki/Special:FilePath/PopeleoIX.jpg
http://www.wikidata.org/entity/Q58563,Victor II,pope,"Gebhard, Count of Calw, Tollenstein, and Hirschberg, Pope Victor II",https://en.wikipedia.org/wiki/Pope%20Victor%20II,,,http://commons.wikimedia.org/wiki/Special:FilePath/Papst%20Victor%20II.jpg
http://www.wikidata.org/entity/Q58568,Stephen IX,pope,"Pope Stephen IX, Frederick of Lorraine, Pope Stephen X, Stephanus X",https://en.wikipedia.org/wiki/Pope%20Stephen%20IX,,,http://commons.wikimedia.org/wiki/Special:FilePath/Papa%20Stefano%20IX.jpg
http://www.wikidata.org/entity/Q117840,Nicholas II,pope,"Gérard de Bourgogne, Pope Nicholas II",https://en.wikipedia.org/wiki/Pope%20Nicholas%20II,,,http://commons.wikimedia.org/wiki/Special:FilePath/Papa%20Nicolau%20II.jpg
http://www.wikidata.org/entity/Q171112,Alexander II,pope,"Anselmo da Baggio, Pope Alexander II",https://en.wikipedia.org/wiki/Pope%20Alexander%20II,,,http://commons.wikimedia.org/wiki/Special:FilePath/Papa%20alessandro%20II.jpg
http://www.wikidata.org/entity/Q133063,Gregory VII,Pope from 1073 to 1085,"Gregorius VII, Hildebrand of Sovana, Ildebrando da Soana, Pope Gregory VII, Pope Saint Gregory VII",https://en.wikipedia.org/wiki/Pope%20Gregory%20VII,,,http://commons.wikimedia.org/wiki/Special:FilePath/Papa%20Gregorio%20VII.jpg
http://www.wikidata.org/entity/Q227724,Victor III,pope,"Daufer, Papa Victor III, Pope Blessed Victor III, Pope Victor III",https://en.wikipedia.org/wiki/Pope%20Victor%20III,,,http://commons.wikimedia.org/wiki/Special:FilePath/Papa%20Vittorio%20III.jpg
http://www.wikidata.org/entity/Q30578,Urban II,pope (1088-1099),"Andres Diaz, Pope Blessed Urban II, Pope Urban II",https://en.wikipedia.org/wiki/Pope%20Urban%20II,,,http://commons.wikimedia.org/wiki/Special:FilePath/BlUrban%20II.png
http://www.wikidata.org/entity/Q30578,Urban II,pope (1088-1099),"Andres Diaz, Pope Blessed Urban II, Pope Urban II",https://en.wikipedia.org/wiki/Pope%20Urban%20II,,,http://commons.wikimedia.org/wiki/Special:FilePath/Pope%20Urban%20II.jpg
http://www.wikidata.org/entity/Q227967,Paschal II,pope,"Pope Paschal II, Ranierius",https://en.wikipedia.org/wiki/Pope%20Paschal%20II,,,http://commons.wikimedia.org/wiki/Special:FilePath/B%20Paschalis%20II.jpg
http://www.wikidata.org/entity/Q180882,Gelasius II,Pope from 1118 to 1119,"Giovanni Caetani, Pope Gelasius II",https://en.wikipedia.org/wiki/Pope%20Gelasius%20II,,,http://commons.wikimedia.org/wiki/Special:FilePath/GelasioII.gif
http://www.wikidata.org/entity/Q170654,Callixtus II,Pope from 1119 to 1124,"Guy de Burgundy, Pope Callixtus II",https://en.wikipedia.org/wiki/Pope%20Callixtus%20II,,,http://commons.wikimedia.org/wiki/Special:FilePath/Calixtus%20II.jpg
http://www.wikidata.org/entity/Q173071,Honorius II,Pope from 1124 to 1130,"Lamberto Scannabecch, Pope Honorius II",https://en.wikipedia.org/wiki/Pope%20Honorius%20II,,,http://commons.wikimedia.org/wiki/Special:FilePath/Pope%20honorius%20ii.jpg
http://www.wikidata.org/entity/Q170386,Innocent II,pope of catholic church 1130–1143,"Gregorio Papareschi, Pope Innocent II",https://en.wikipedia.org/wiki/Pope%20Innocent%20II,,,http://commons.wikimedia.org/wiki/Special:FilePath/B%20Innozenz%20II.jpg
http://www.wikidata.org/entity/Q171144,Celestine II,pope,"Guido di Castello, Pope Celestine II",https://en.wikipedia.org/wiki/Pope%20Celestine%20II,,,http://commons.wikimedia.org/wiki/Special:FilePath/Caelestinus%20II.jpg
http://www.wikidata.org/entity/Q170385,Lucius II,pope,"Gherardo Caccianemici dal Orso, Pope Lucius II",https://en.wikipedia.org/wiki/Pope%20Lucius%20II,,,http://commons.wikimedia.org/wiki/Special:FilePath/Lucius%20II.jpg
http://www.wikidata.org/entity/Q167610,Eugene III,pope,"Bernardo da Pisa, Pope Blessed Eugene III, Pope Eugene III",https://en.wikipedia.org/wiki/Pope%20Eugene%20III,,,http://commons.wikimedia.org/wiki/Special:FilePath/B%20Eugen%20III.jpg
http://www.wikidata.org/entity/Q179389,Anastasius IV,pope,"Corrado Demetri della Suburra, Pope Anastasius IV",https://en.wikipedia.org/wiki/Pope%20Anastasius%20IV,,,http://commons.wikimedia.org/wiki/Special:FilePath/B%20Anastasius%20IV.jpg
http://www.wikidata.org/entity/Q132845,Adrian IV,pope,"Nicholas Breakspear, Nicolas Breakspear, Pope Adrian IV",https://en.wikipedia.org/wiki/Pope%20Adrian%20IV,,,http://commons.wikimedia.org/wiki/Special:FilePath/Pope%20Hadrian%20IV.jpg
http://www.wikidata.org/entity/Q160116,Alexander III,pope,"Pope Alexander III, Roland of Siena",https://en.wikipedia.org/wiki/Pope%20Alexander%20III,,,http://commons.wikimedia.org/wiki/Special:FilePath/Papa%20alessandro%20III%20illustrazione%20di%20spinello%20aretino%20particolare%20siena%20italia%2003.gif
http://www.wikidata.org/entity/Q182474,Lucius III,pope,"Pope Lucius III, Ubaldo Allucingoli",https://en.wikipedia.org/wiki/Pope%20Lucius%20III,,,http://commons.wikimedia.org/wiki/Special:FilePath/Pope%20Lucius%20III.png
http://www.wikidata.org/entity/Q171520,Urban III,pope (1185–1187),"Pope Urban III, Uberto Crivelli",https://en.wikipedia.org/wiki/Pope%20Urban%20III,,,http://commons.wikimedia.org/wiki/Special:FilePath/B%20Urban%20III.jpg
http://www.wikidata.org/entity/Q101866,Gregory VIII,Pope of the Roman Catholic Church in 1187,"Albert de Mora, Alberto de Morra, Alberto di Morra, Albertus de Morra, Gregorius VIII. Papa, Pope Gregory VIII",https://en.wikipedia.org/wiki/Pope%20Gregory%20VIII,,,http://commons.wikimedia.org/wiki/Special:FilePath/B%20Gregor%20VIII.jpg
http://www.wikidata.org/entity/Q171001,Clement III,pope,"‏ papa Clemente‏ III, Clemens III. Papa, Clemens PP. III, Paolo Scolari, pape Clément III, Paulino Scolari, Pope Clement III",https://en.wikipedia.org/wiki/Pope%20Clement%20III,,,http://commons.wikimedia.org/wiki/Special:FilePath/B%20Clemens%20III.jpg
http://www.wikidata.org/entity/Q103437,Celestine III,pope,"Célestin III pape, Coelestinus PP. III, Giacinto Bobo-Orsini, Giacinto Bobone, papa Celestino III, Pope Celestine III, Pope Cœlestinus III",https://en.wikipedia.org/wiki/Pope%20Celestine%20III,,,http://commons.wikimedia.org/wiki/Special:FilePath/Celestin%203.jpg
http://www.wikidata.org/entity/Q128076,Innocent III,Medieval pope,"‏ papa Innocenzo III, Innocentius PP. III, Innozenz III. Papst, Lotario dei Conti di Segni, Lotario di Segni, Lothair of Segni, Lothar of Segni, pape Innocent III, Pope Innocent III, Pope Innocentius III, Pope Innocenz III, Pope Innocenzo III, Pope Innozenz III, Lotario dei conti di Segni",https://en.wikipedia.org/wiki/Pope%20Innocent%20III,,,http://commons.wikimedia.org/wiki/Special:FilePath/Innozenz3.jpg
http://www.wikidata.org/entity/Q160182,Honorius III,pope,"Cencio Savelli, pape Honorius III, Pope Honorius III",https://en.wikipedia.org/wiki/Pope%20Honorius%20III,,,http://commons.wikimedia.org/wiki/Special:FilePath/Interior%20of%20Santi%20Giovanni%20e%20Paolo%20%28Venice%29%20-%20Honorius%20III%20by%20Leandro%20Bassano.jpg
http://www.wikidata.org/entity/Q124831,Gregory IX,178th Pope,"‏ papa Gregorio IX, Bishop of Ostia Ugolino, Di Segni Ugolino, Gregor IX, Gregorius PP. IX, Hugo of Segni, Hugo ze Segni, Hugolin de' Conti de Segni, Hugolin di Segna, Hugolino of Segni, Hugolinus di Segna, Hugues di Segna, Papa Gregorius IX, pape Grégoire IX, papež Řehoř IX., Pope Gregory IX, Ugo of Segni, Ugolino  d'  Ostia, Ugolino  di  Segni, Ugolino  von  Segni, Ugolino de Segni, Ugolino de' Conti di Segni, Ugolino di Conti, Ugolino di Segni, Ugolino Di Segni, Ugolino DiSegni, Ugolino of Segni, Ugolino Ostia, Ugolino ze Segni, Ugolino, Bishop of Ostia, Ugolino, Bishop of Ostia and Velletri, Ugolino dei conti di Segni",https://en.wikipedia.org/wiki/Pope%20Gregory%20IX,,,http://commons.wikimedia.org/wiki/Special:FilePath/Gregory%20IX%20bas-relief%20in%20the%20U.S.%20House%20of%20Representatives%20chamber.jpg
http://www.wikidata.org/entity/Q171238,Celestine IV,pope,"Goffredo da Castiglione, Pope Celestine IV",https://en.wikipedia.org/wiki/Pope%20Celestine%20IV,,,http://commons.wikimedia.org/wiki/Special:FilePath/B%20Colestin%20IV.jpg
http://www.wikidata.org/entity/Q160609,Innocent IV,pope,"‏ papa Innocenzo‏ IV, Innocentius PP. IV, Papa Inocencio IV, pape Innocent IV, Pope Innocent IV, Pope Innocentius IV, Pope Inocent IV, Sinibaldo de' Fieschi, Sinibaldo Fieschi",https://en.wikipedia.org/wiki/Pope%20Innocent%20IV,,,http://commons.wikimedia.org/wiki/Special:FilePath/Innocent%20IV%20-%20Council%20of%20Lyon%20-%20002r%20detail.jpg
http://www.wikidata.org/entity/Q169915,Alexander IV,pope,"Pope Alexander IV, Rinaldo di Jenne",https://en.wikipedia.org/wiki/Pope%20Alexander%20IV,,,http://commons.wikimedia.org/wiki/Special:FilePath/B%20Alexander%20IV.jpg
http://www.wikidata.org/entity/Q169305,Urban IV,pope of catholic church 1261–1264,"Jacques Pantaléon, Pope Urban IV",https://en.wikipedia.org/wiki/Pope%20Urban%20IV,,,http://commons.wikimedia.org/wiki/Special:FilePath/Pope%20Urban%20IV.jpg
http://www.wikidata.org/entity/Q172928,Clement IV,"Pope (1265-1268), patron of Roger Bacon & Thomas Aquinas","Gui Foucois, Guy de Foulques, Guy Foulques, Guy le Gros, Guy le Gros de Foulques, Guy the Fat, Pope Clemens, Pope Clement, Pope Clement IV",https://en.wikipedia.org/wiki/Pope%20Clement%20IV,,,http://commons.wikimedia.org/wiki/Special:FilePath/Tour%20Ferrande%20-%20Cl%C3%A9ment%20IV%20%26%20Charles%201er%20de%20Sicile.JPG
http://www.wikidata.org/entity/Q161740,Gregory X,Pope from 1271 to 1276,"Teobaldo Visconti, Pope Blessed Gregory X, Pope Gregory X",https://en.wikipedia.org/wiki/Pope%20Gregory%20X,,,http://commons.wikimedia.org/wiki/Special:FilePath/B%20Gregor%20X.jpg
http://www.wikidata.org/entity/Q170871,Innocent V,pope,"Blessed Innocent V, Peter of Tarentaise, Petrus de Tarantasia, Pierre de Tarentaise, Pope Innocent V, Pope Innocentius V",https://en.wikipedia.org/wiki/Pope%20Innocent%20V,,,http://commons.wikimedia.org/wiki/Special:FilePath/Innocentius%20V.jpg
http://www.wikidata.org/entity/Q173000,Adrian V,pope,"Ottobuono de' Fieschi, Pope Adrian V",https://en.wikipedia.org/wiki/Pope%20Adrian%20V,,,http://commons.wikimedia.org/wiki/Special:FilePath/Papa%20Adriano%20V.jpg
http://www.wikidata.org/entity/Q172916,John XXI,pope,"Ioannes XXI, Pedro Julião, Peter Juliani, Pope John XXI",https://en.wikipedia.org/wiki/Pope%20John%20XXI,,,http://commons.wikimedia.org/wiki/Special:FilePath/B%20Johannes%20XXI.jpg
http://www.wikidata.org/entity/Q170859,Nicholas III,Pope from 1277 to 1280,"Giovanni Gaetano Orsini, Nicolaus III, Pope Nicholas III",https://en.wikipedia.org/wiki/Pope%20Nicholas%20III,,,http://commons.wikimedia.org/wiki/Special:FilePath/PopeNicholasIIICameo.jpg
http://www.wikidata.org/entity/Q227719,Martin IV,pope,"Pope Martin IV, Simon de Brion",https://en.wikipedia.org/wiki/Pope%20Martin%20IV,,,http://commons.wikimedia.org/wiki/Special:FilePath/B%20Martin%20IV.jpg
http://www.wikidata.org/entity/Q227743,Honorius IV,pope,"‏ papa Onorio IV, Giacomo Savelli, Honorius PP. IV, Jacobus Savelli, pape Honorius IV, Pope Honorius IV, Pope Honorius V",https://en.wikipedia.org/wiki/Pope%20Honorius%20IV,,,http://commons.wikimedia.org/wiki/Special:FilePath/PopeOnorioIV.jpg
http://www.wikidata.org/entity/Q103625,Nicholas IV,191st Pope of the Catholic Church,"‏ papa Niccolò‏ IV, Girolamo d' Ascoli, Girolamo Masci, Girolamo' Masci, Jerome of Ascoli, Nicolas IV pape, Nicolaus PP. IV, Nikolaus IV. Papst, Pope Niccolò IV, Pope Nicholas IV, Pope Nicolaus IV",https://en.wikipedia.org/wiki/Pope%20Nicholas%20IV,,,http://commons.wikimedia.org/wiki/Special:FilePath/NicholasIV.jpg
http://www.wikidata.org/entity/Q118081,Pope Celestine V,192nd Pope of the Catholic Church,"Celestine, Celestino, ‏ papa Celestino‏ V, Caelestinus V, Coelestinus, Coelestinus V. Papa, pape Célestin V, Peter of Morrone, Petrus de Murrone, Pier Celestino, Pietro Angeleri, Pietro Angelerio, Pietro Celestino, Pietro da Morrone, Pietro del Morrone, Pope Celestino V, Pope Coelestinus V, Pope Saint Celestine V, Saint Celestine, Saint, Pope Coelestinus V, santo Coelestinus PP. V",https://en.wikipedia.org/wiki/Pope%20Celestine%20V,,,http://commons.wikimedia.org/wiki/Special:FilePath/Celestinus%20quintus.jpg
http://www.wikidata.org/entity/Q134646,Boniface VIII,193rd Pope of the Catholic Church,"Boniface, Benedetto, Benedictus, Benoît, Bonifacio, Benedetto Caetani, Benedetto Gaetani, Benedetto Gaetano, Benedict Caetani, Benedictus Caetani, Bonefacius, Bonifác, Bonifacio VIII, Bonifacius, Bonifacius PP. VIII, Bonifatius, Bonifatius VIII. Papa, Bonifaz, Bonifazio, pape Boniface VIII, Pope Boniface VIII",https://en.wikipedia.org/wiki/Pope%20Boniface%20VIII,,,http://commons.wikimedia.org/wiki/Special:FilePath/Bonifatius%20VIII%20Grabstatue.JPG
http://www.wikidata.org/entity/Q169301,Benedict XI,194th Pope of the Catholic Church,"Nicola Boccasini, Pope Benedict XI, Pope Blessed Benedict XI",https://en.wikipedia.org/wiki/Pope%20Benedict%20XI,,,http://commons.wikimedia.org/wiki/Special:FilePath/B%20Benedikt%20XI.jpg
http://www.wikidata.org/entity/Q131463,Clement V,pope,"Bernard de Got, Bertrand de Got, Bertrand de Goth, Bertrand de Guoth, Bertrand du Got, Clemens PP. V, papa Clemens V, pape Clément V, Pope Clement V, Raymond Bertrand de Got",https://en.wikipedia.org/wiki/Pope%20Clement%20V,,,http://commons.wikimedia.org/wiki/Special:FilePath/Papst%20klemens%20v.jpg
http://www.wikidata.org/entity/Q165568,John XXII,pope from 1316 to his death in 1334,"‏ papa Giovanni‏ XXII, Ioannes XXII, Iohannes PP. XXII, Jacques d'Euse, Jacques D’euze, Jacques Duèse, Jacques Duèze, Johannes XXII. Papst, papa Iohannes XXII, pape Jean XXII, Pope John XXII",https://en.wikipedia.org/wiki/Pope%20John%20XXII,,,http://commons.wikimedia.org/wiki/Special:FilePath/Papa%20Ioannes%20Vicesimus%20Secundus.jpg
http://www.wikidata.org/entity/Q170389,Benedict XII,pope of the catholic church 1334–1342,"Jacques Fournier, Benedictus PP XII, Benedictus XII, Giacomo Fournier, papa Benedetto‏ XII, pape Benoît XII, Pope Benedict XII",https://en.wikipedia.org/wiki/Pope%20Benedict%20XII,,,http://commons.wikimedia.org/wiki/Special:FilePath/Papa%20Benedictus%20Duodecimus.jpg
http://www.wikidata.org/entity/Q170863,Clement VI,"(1291–1352) fourth of the Avignon Popes, 1342–1352","Pierre Roger, Clemente VI, Pope Clement VI",https://en.wikipedia.org/wiki/Pope%20Clement%20VI,,,http://commons.wikimedia.org/wiki/Special:FilePath/Papa%20Clemens%20Sextus.jpg
http://www.wikidata.org/entity/Q169288,Innocent VI,pope,"‏ papa Innocenzo VI, Etienne Aubert, Étienne Aubert, Innocens VI, Innocentius PP. VI, pape Innocent VI, Pope Innocent VI, Stephen Aubert",https://en.wikipedia.org/wiki/Pope%20Innocent%20VI,,,http://commons.wikimedia.org/wiki/Special:FilePath/Papa%20Innocentius%20Sextus.jpg
http://www.wikidata.org/entity/Q133046,Urban V,pope,"Pope Urban V, William de Grimoard",https://en.wikipedia.org/wiki/Pope%20Urban%20V,,,http://commons.wikimedia.org/wiki/Special:FilePath/Urban%20V.gif
http://www.wikidata.org/entity/Q169594,Gregory XI,Pope from 1370 to 1378,"‏ papa Gregorio‏ XI, Gregorius PP. XI, Gregorius XI. Papa, Papa Gregorius XI, pape Grégoire XI, Pierre Roger de Beaufort, Pope Grégoire XI, Pope Gregorius, Pope Gregorius XI, Pope Gregory XI",https://en.wikipedia.org/wiki/Pope%20Gregory%20XI,,,http://commons.wikimedia.org/wiki/Special:FilePath/Papa%20Gregorius%20Undecimus.jpg
http://www.wikidata.org/entity/Q171626,Urban VI,pope,"Bartolomeo Prignano, Pope Urban VI",https://en.wikipedia.org/wiki/Pope%20Urban%20VI,,,http://commons.wikimedia.org/wiki/Special:FilePath/Urbanus%20VI.jpg
http://www.wikidata.org/entity/Q165561,Boniface IX,pope,"Piero Tomacelli, Pope Boniface IX",https://en.wikipedia.org/wiki/Pope%20Boniface%20IX,,,http://commons.wikimedia.org/wiki/Special:FilePath/IX.Bonifac.jpg
http://www.wikidata.org/entity/Q227713,Innocent VII,pope,"Cosimo de' Migliorati, Pope Innocent VII",https://en.wikipedia.org/wiki/Pope%20Innocent%20VII,,,http://commons.wikimedia.org/wiki/Special:FilePath/Innocent%20VII.jpg
http://www.wikidata.org/entity/Q227694,Gregory XII,"Pope from 1406 to 1415, resigned","Angelo Corraro, Angelo Correr, Pope Gregory XII",https://en.wikipedia.org/wiki/Pope%20Gregory%20XII,,,http://commons.wikimedia.org/wiki/Special:FilePath/Gregory%20XII.jpg
http://www.wikidata.org/entity/Q169612,Martin V,pope,"Oddone Colonna, Odo Colonna, Pope Martin V",https://en.wikipedia.org/wiki/Pope%20Martin%20V,,,http://commons.wikimedia.org/wiki/Special:FilePath/Pisanello%2C%20copia%20da%20Ritratto%20di%20Martino%20V%20%28Galleria%20Colonna%29.jpg
http://www.wikidata.org/entity/Q167561,Eugene IV,Italian pope,"Eugenius IV, Eugenius PP. IV, Gabriele Condulmaro, Gabriele Condulmer, papa Eugenio IV, pape Eugène IV, Pope ""'Eugene IV, Pope Eugene IV",https://en.wikipedia.org/wiki/Pope%20Eugene%20IV,,,http://commons.wikimedia.org/wiki/Special:FilePath/PapstEugen.jpg
http://www.wikidata.org/entity/Q134588,Nicholas V,pope of catholic church from 1447 until 1455,"Nicolaus PP. V, Nikolaus V. Papst, ‏papa Niccolò‏ V, pape Nicolas V, Pope Nicholas V, Pope Nikolaus V, Tommaso Parentucelli",https://en.wikipedia.org/wiki/Pope%20Nicholas%20V,,,http://commons.wikimedia.org/wiki/Special:FilePath/Paus%20Nicolaas%20V%20door%20Peter%20Paul%20Rubens.jpg
http://www.wikidata.org/entity/Q160369,Callixtus III,Pope from 1455 to 1458,"Alfons de Borja, Pope Callixtus III",https://en.wikipedia.org/wiki/Pope%20Callixtus%20III,,,http://commons.wikimedia.org/wiki/Special:FilePath/Alfonso%20de%20Borja%2C%20obispo%20de%20Valencia%20y%20papa%20Calixto%20III.jpg
http://www.wikidata.org/entity/Q101437,Pius II,pope,"Aeneas Silvius Piccolomini, Aeneas Sylvius Piccolominus, Enea Silvio Bartolomeo Piccolomini, Enea Silvio Piccolomini, Eneas Silvius Piccolomini, papa Pio II, Papa Pío II, pape Pie II, Pius II. Papst, Pius PP. II, Pope Pius II",https://en.wikipedia.org/wiki/Pope%20Pius%20II,,,http://commons.wikimedia.org/wiki/Special:FilePath/Pintoricchio%20014.jpg
http://www.wikidata.org/entity/Q102605,Paul II,pope,"Paulus II, papa Paolo II, pape Paul II, Paulus PP. II, Pietro Barbo, Pope Paul II",https://en.wikipedia.org/wiki/Pope%20Paul%20II,,,http://commons.wikimedia.org/wiki/Special:FilePath/Pietrobarbo.jpg
http://www.wikidata.org/entity/Q163514,Sixtus IV,pope,"Francesco della Rovere, Francesco Della Rovere, papa Sisto IV, Papa Sixto IV, pape Sixte IV, paus Sixtus IV, Pope Sisto IV, Pope Sixtus IV, Sixtus PP. IV, Xystus IV",https://en.wikipedia.org/wiki/Pope%20Sixtus%20IV,,,http://commons.wikimedia.org/wiki/Special:FilePath/Sisto%204.gif
http://www.wikidata.org/entity/Q161351,Innocent VIII,pope,"Giovanni Battista Cibo, ‏ papa Innocenzo‏ VIII, Giovanni Battista Cybo, Innocentius PP. VIII, Innocentius VIII, pape Innocent VIII, Pope Innocent VIII",https://en.wikipedia.org/wiki/Pope%20Innocent%20VIII,,,http://commons.wikimedia.org/wiki/Special:FilePath/Innocent%20VIII.JPG
http://www.wikidata.org/entity/Q108316,Alexander VI,pope of catholic church 1492-1503,"Pope Alexander VI, Roderic Llançol i de Borja, Rodrigo Borgia",https://en.wikipedia.org/wiki/Pope%20Alexander%20VI,,,http://commons.wikimedia.org/wiki/Special:FilePath/Pope%20Alexander%20Vi.jpg
http://www.wikidata.org/entity/Q160030,Pius III,Pope from 22 September to 18 October 1503,"Francesco Todeschini Piccolomini, Pope Pius III",https://en.wikipedia.org/wiki/Pope%20Pius%20III,,,http://commons.wikimedia.org/wiki/Special:FilePath/Pope%20Pius%20III.PNG
http://www.wikidata.org/entity/Q80516,Julius II,pope from 1503 to 1513,"‏ papa Giulio‏ II, Giuliano della Rovere, Giuliano Della Rovere, Iulius II, Iulius PP. II, Julien de La Rovère, Julien de, Cardinal La Rovère, Julius II. Papst, Papa Julio II, pape Jules II, paus Julius II, Pope Julius II, The Fearsome Pope, The Warrior Pope",https://en.wikipedia.org/wiki/Pope%20Julius%20II,,,http://commons.wikimedia.org/wiki/Special:FilePath/Pope%20Julius%20II.jpg
http://www.wikidata.org/entity/Q49237,Leo X,Pope from 1513 to 1521,"Giovanni de' Medici, ‏ papa Leone‏ X, Giovanni De' Medici, Giovanni di Lorenzo de' Medici, Leo PP. X, Leo X. Papst, Papa León X, pape Léon X, paus Leo X, Pope Leo X, Pope Leone X",https://en.wikipedia.org/wiki/Pope%20Leo%20X,,,http://commons.wikimedia.org/wiki/Special:FilePath/Pope-leo10.jpg
http://www.wikidata.org/entity/Q57087,Adrian VI,pope,"Adriaan Florenszoon Boeyens, Hadrianus VI, Pope Adrian VI",https://en.wikipedia.org/wiki/Pope%20Adrian%20VI,,,http://commons.wikimedia.org/wiki/Special:FilePath/Hadrian%20VI.jpg
http://www.wikidata.org/entity/Q83159,Clement VII,pope,"‏ papa Clemente‏ VII, Clemens PP. VII, Giulio de’ Medici, Giulio di Giuliano de' Medici, Julius de Medicis, Klemens VII. Papst, pape Clément VII, Pope Clement VII, Pope Clemente VII",https://en.wikipedia.org/wiki/Pope%20Clement%20VII,,,http://commons.wikimedia.org/wiki/Special:FilePath/Sebastiano%20del%20piombo%2C%20clemente%20VII%2C%20napoli%2C%20capodimonte.jpg
http://www.wikidata.org/entity/Q133001,Paul III,Pope,"Alessandro Farnese, ‏ papa Paolo‏ III, pape Paul III, Paul III. Papst, Paulus III, Paulus PP. III, paus Paulus III, Pope Paul III",https://en.wikipedia.org/wiki/Pope%20Paul%20III,,,http://commons.wikimedia.org/wiki/Special:FilePath/Tizian%20083b.jpg
http://www.wikidata.org/entity/Q169911,Julius III,pope,"Giovanni Maria Ciocchi del Monte, Pope Julius III",https://en.wikipedia.org/wiki/Pope%20Julius%20III,,,http://commons.wikimedia.org/wiki/Special:FilePath/Girolamo%20Sicciolante%20-%20Paus%20Julius%20III.jpg
http://www.wikidata.org/entity/Q101776,Marcellus II,pope,"Marcello Cervini, Marcello Cervini degli Spannochi, Marcellus II. Papst, Marcellus PP. II, papa Marcello II, pape Marcel II, Pope Marcellus II",https://en.wikipedia.org/wiki/Pope%20Marcellus%20II,,,http://commons.wikimedia.org/wiki/Special:FilePath/Pope%20Marcellus%20II.PNG
http://www.wikidata.org/entity/Q101430,Paul IV,pope of catholic church 1555-1559,"Gian Pietro Carafa, Paulus IV, Pope Paul IV",https://en.wikipedia.org/wiki/Pope%20Paul%20IV,,,http://commons.wikimedia.org/wiki/Special:FilePath/CARAFA%20PAOLO%20IV.jpg
http://www.wikidata.org/entity/Q161983,Pius IV,Pope from 1559 to 1565,"Gian Angelo de' Medici, Giovanni Angelo de' Medici, Giovanni Angelo Medici, Pope Pius IV",https://en.wikipedia.org/wiki/Pope%20Pius%20IV,,,http://commons.wikimedia.org/wiki/Special:FilePath/Ritratto%20di%20Gregorio%20XIII%20-%20Passarotti%20.jpg
http://www.wikidata.org/entity/Q131945,Pius V,pope,"Antonio Ghislieri, Michele Ghislieri, Pope Pius V, Pope Saint Pius V",https://en.wikipedia.org/wiki/Pope%20Pius%20V,,,http://commons.wikimedia.org/wiki/Special:FilePath/El%20Greco%20050.jpg
http://www.wikidata.org/entity/Q83029,Gregory XIII,Pope from 1572 to 1585,"Gregor XIII. Papst, Gregorius PP. XIII, papa Gregorio XIII, pape Grégoire XIII, Pope Gregorius XIII, Pope Gregory XIII, Ugo Boncompagni, Ugo Buoncompani",https://en.wikipedia.org/wiki/Pope%20Gregory%20XIII,,,http://commons.wikimedia.org/wiki/Special:FilePath/Gregory%20XIII.jpg
http://www.wikidata.org/entity/Q133350,Sixtus V,pope,"Felice Peretti, Felice Peretti di Montalto, papa Sisto V, Papa Sixto V, pape Sixte V, Pope Sisto V, Pope Sixte-Quint, Pope Sixtus V, Sixtus PP. V, Sixtus V. Papst",https://en.wikipedia.org/wiki/Pope%20Sixtus%20V,,,http://commons.wikimedia.org/wiki/Special:FilePath/Sisto%20V%20Papa.jpg
http://www.wikidata.org/entity/Q134337,Urban VII,pope,"Giovanni Battista Castagna, Papa Urbanus VII, Pope Urban VII",https://en.wikipedia.org/wiki/Pope%20Urban%20VII,,,http://commons.wikimedia.org/wiki/Special:FilePath/Urban%20VII.jpg
http://www.wikidata.org/entity/Q171622,Gregory XIV,Pope from 1590 to 1591,"Niccolò Sfondrati, Nicolaus Sfondrati, Nicolaus Sfondratus, pape Grégoire XIV, Papst Gregor XIV, Pope Gregorius XIV, Pope Gregory XIV",https://en.wikipedia.org/wiki/Pope%20Gregory%20XIV,,,http://commons.wikimedia.org/wiki/Special:FilePath/Gregor%20XIV.jpg
http://www.wikidata.org/entity/Q167959,Innocent IX,pope,"‏ papa, Innocenzo‏ IX, Giovanni Antonio Facchinetti, Innocentius PP. IX, Innozenz IX. Papst, Pope Innocent IX",https://en.wikipedia.org/wiki/Pope%20Innocent%20IX,,,http://commons.wikimedia.org/wiki/Special:FilePath/Innocent%20IX%202.jpg
http://www.wikidata.org/entity/Q170395,Clement VIII,pope,"Clemens PP. VIII, Clemens VIII, Ippolito Aldobrandini, Klemens VIII. Papst, papa Clemens VIII, pape Clément VIII, Pope Clemens VIII, Pope Clement VIII",https://en.wikipedia.org/wiki/Pope%20Clement%20VIII,,,http://commons.wikimedia.org/wiki/Special:FilePath/Clement%20viii.jpg
http://www.wikidata.org/entity/Q132716,Leo XI,pope,"Alessandro Ottaviano de' Medici, Leo PP. XI, Leo XI. Papst, Léon XI pape, papa Leone XI, Pope Leo XI",https://en.wikipedia.org/wiki/Pope%20Leo%20XI,,,http://commons.wikimedia.org/wiki/Special:FilePath/Leo%20XI%202.jpg
http://www.wikidata.org/entity/Q132711,Paul V,Pope from 1605 to 1621,"Camillo Borghese, papa Paolo V, pape Paul V, Paul V. Papst, Paulus PP. V, Paulus V, Pope Paul V, Pope Paulus V",https://en.wikipedia.org/wiki/Pope%20Paul%20V,,,http://commons.wikimedia.org/wiki/Special:FilePath/Pope%20Paul%20V.jpg
http://www.wikidata.org/entity/Q132692,Gregory XV,Pope from 1621 to 1623,"‏ papa Gregorio‏ XV, Alessandro Ludovisi, Alessandro Ludovisio, Gregor XV. Papst, Gregorius PP. XV, pape Grégoire XV, Pope Gregoire XV, Pope Gregorio XV, Pope Gregorius XV, Pope Gregory XV",https://en.wikipedia.org/wiki/Pope%20Gregory%20XV,,,http://commons.wikimedia.org/wiki/Special:FilePath/Guercino%20-%20Pope%20Gregory%20XV%20%28ca.%201622-1623%29%20-%20Google%20Art%20Project.jpg
http://www.wikidata.org/entity/Q131579,Urban VIII,Pope,"Maffeo Barberini, papa Urbano VIII, Papa Urbano VIII, pape Urbain VIII, Pope (Maffeo Barberini) Urban VIII, Pope Urban VIII, Urban VIII. Papst, Urbanus PP. VIII, Urbanus VIII, VIII Urban Pope, VIII, Pope Urban",https://en.wikipedia.org/wiki/Pope%20Urban%20VIII,,,http://commons.wikimedia.org/wiki/Special:FilePath/Gian%20Lorenzo%20Bernini%20-%20Portrait%20d%27Urbain%20VIII.jpg
http://www.wikidata.org/entity/Q131579,Urban VIII,Pope,"Maffeo Barberini, papa Urbano VIII, Papa Urbano VIII, pape Urbain VIII, Pope (Maffeo Barberini) Urban VIII, Pope Urban VIII, Urban VIII. Papst, Urbanus PP. VIII, Urbanus VIII, VIII Urban Pope, VIII, Pope Urban",https://en.wikipedia.org/wiki/Pope%20Urban%20VIII,,,http://commons.wikimedia.org/wiki/Special:FilePath/Portrait%20of%20Maffeo%20Barberini-Caravaggio%20%28c.%201598%29.jpg
http://www.wikidata.org/entity/Q131579,Urban VIII,Pope,"Maffeo Barberini, papa Urbano VIII, Papa Urbano VIII, pape Urbain VIII, Pope (Maffeo Barberini) Urban VIII, Pope Urban VIII, Urban VIII. Papst, Urbanus PP. VIII, Urbanus VIII, VIII Urban Pope, VIII, Pope Urban",https://en.wikipedia.org/wiki/Pope%20Urban%20VIII,,,http://commons.wikimedia.org/wiki/Special:FilePath/Urban%20VIII.jpg
http://www.wikidata.org/entity/Q101266,Innocent X,pope,"‏ papa Innocenzo‏ X, Giambattista Pamphili, Giovanni Battista Pamphilj, Innocentius PP. X, Innocentius X, Innozenz X. Papst, Papa Inocencio X, pape Innocent X, Pope Innocent X",https://en.wikipedia.org/wiki/Pope%20Innocent%20X,,,http://commons.wikimedia.org/wiki/Special:FilePath/Innocent-x-velazquez.jpg
http://www.wikidata.org/entity/Q127254,Alexander VII,pope,"Alexander VII. Papst, Fabio Chigi, papa Alessandro‏ ‎VII, pape Alexandre VII, Philomathus, Pope Alexander VII, VII Alexander PP",https://en.wikipedia.org/wiki/Pope%20Alexander%20VII,,,http://commons.wikimedia.org/wiki/Special:FilePath/Alexander%20VII.jpg
http://www.wikidata.org/entity/Q155961,Clement IX,pope,"‏ papa Clemente‏ IX, Clemens PP. IX, Giulio Rospigliosi, pape Clément IX, Pope Clemens IX, Pope Clement IX",https://en.wikipedia.org/wiki/Pope%20Clement%20IX,,,http://commons.wikimedia.org/wiki/Special:FilePath/Pope%20Clement%20IX.jpg
http://www.wikidata.org/entity/Q155956,Clement X,pope,"Clemens PP. X, Clemens X, Emilio Altieri, Emilio Bonaventura Altieri, Klemens X. Papst, Pope Clement X",https://en.wikipedia.org/wiki/Pope%20Clement%20X,,,http://commons.wikimedia.org/wiki/Special:FilePath/Clement%20X.jpg
http://www.wikidata.org/entity/Q101286,Innocent XI,pope,"beato Innocentius PP. XI, Benedetto Odescalchi, Innozenz XI. Papst, Papa Innocenzo XI, pape Innocent XI, Pope Blessed Innocent XI, Pope Innocent XI, Pope Innocentius XI, Pope Innocenzo XI, Pope Innozenz XI",https://en.wikipedia.org/wiki/Pope%20Innocent%20XI,,,http://commons.wikimedia.org/wiki/Special:FilePath/InnocentXI.jpg
http://www.wikidata.org/entity/Q101294,Alexander VIII,pope,"Pietro Ottoboni, Alessandro VIII, Alexander VIII. Papst, pape Alexandre VIII, Petrus Otthobonus, Pietro Vito Ottoboni, Pope Alexander VIII",https://en.wikipedia.org/wiki/Pope%20Alexander%20VIII,,,http://commons.wikimedia.org/wiki/Special:FilePath/Alexander%20VIII%201.jpg
http://www.wikidata.org/entity/Q132708,Innocent XII,pope,"‏ papa Innocenzo‏ XII, Antonio Pignatelli, Innocentius PP. XII, Innozenz XII. Papst, pape Innocent XII, Pope Innocent XII",https://en.wikipedia.org/wiki/Pope%20Innocent%20XII,,,http://commons.wikimedia.org/wiki/Special:FilePath/Pope%20Innocent%20XII.PNG
http://www.wikidata.org/entity/Q129967,Clement XI,pope,"Giovanni Francesco Albani, ‏ papa Clemente‏ XI, Clemens PP. XI, Clemens XI, Klemens XI. Papst, pape Clément XI, Pope Clement XI",https://en.wikipedia.org/wiki/Pope%20Clement%20XI,,,http://commons.wikimedia.org/wiki/Special:FilePath/Clement%20XI.jpg
http://www.wikidata.org/entity/Q133100,Innocent XIII,pope,"‏ papa Innocenzo‏ XIII, Innocentius PP. XIII, Innozenz XIII. Papst, Michelangelo Conti, Michelangelo Conti di Poli, Michelangelo dei Conti, Michelangiolo dei Conti, pape Innocent XIII, Pope Innocent XIII, Pope Innocentius XIII",https://en.wikipedia.org/wiki/Pope%20Innocent%20XIII,,,http://commons.wikimedia.org/wiki/Special:FilePath/InnocientXIII.jpg
http://www.wikidata.org/entity/Q155971,Benedict XIII,pope,"Benedictus XIII, Pierfrancesco Orsini, ‏ papa Benedetto‏ XIII, Benedictus PP. XIII, Benedikt XIII. Papst, pape Benoît XIII, Pietro Francesco Orsini, Pope Benedict XIII, Vincenzo Maria, Vincenzo Maria Orsini",https://en.wikipedia.org/wiki/Pope%20Benedict%20XIII,,,http://commons.wikimedia.org/wiki/Special:FilePath/Benedict%20XIII.jpg
http://www.wikidata.org/entity/Q133108,Clement XII,pope,"Pope Benedict XII, ‏ papa Clemente‏ XII, Clemens PP. XII, Klemens XII. Papst, Lorenzo Corsini, pape Clément XII, Pope Clement XII, Pope Clemente XII",https://en.wikipedia.org/wiki/Pope%20Clement%20XII,,,http://commons.wikimedia.org/wiki/Special:FilePath/Clement%20XII.jpg
http://www.wikidata.org/entity/Q126711,Benedict XIV,pope of catholic church 1740–1758,"‏ papa Benedetto‏ XIV, Benedictus PP. XIV, Benedictus XIV, Benedikt XIV. Papst, pape Benoît XIV, Pope Benedict XIV, Prospero Lambertini, Prospero Lorenzo Lambertini",https://en.wikipedia.org/wiki/Pope%20Benedict%20XIV,,,http://commons.wikimedia.org/wiki/Special:FilePath/Pierre%20Subleyras%20Portrait%20of%20Benedict%20XIV%201746.%20Metropolitan%20Museum%20of%20Art.jpg
http://www.wikidata.org/entity/Q133121,Clement XIII,pope of the catholic church 1758–1769,"‏ papa Clemente‏ XIII, Carlo della Torre di Rezzonico, Carlo della Torre Rezzonico, Carlo Rezzonico, Clemens PP. XIII, Clemens XIII, pape Clément XIII, Pope Clemens XIII, Pope Clement XIII",https://en.wikipedia.org/wiki/Pope%20Clement%20XIII,,,http://commons.wikimedia.org/wiki/Special:FilePath/CarloRezzonicoSenior.jpg
http://www.wikidata.org/entity/Q133121,Clement XIII,pope of the catholic church 1758–1769,"‏ papa Clemente‏ XIII, Carlo della Torre di Rezzonico, Carlo della Torre Rezzonico, Carlo Rezzonico, Clemens PP. XIII, Clemens XIII, pape Clément XIII, Pope Clemens XIII, Pope Clement XIII",https://en.wikipedia.org/wiki/Pope%20Clement%20XIII,,,http://commons.wikimedia.org/wiki/Special:FilePath/Clemens%20XIII.jpg
http://www.wikidata.org/entity/Q131587,Clement XIV,pope,"‏ papa Clemente‏ XIV, Clemens PP. XIV, Fra Lorenzo, Giovanni Vincenzo Antonio Ganganelli, Klemens XIV. Papst, Lorenzo Ganganelli, Lorenzo Giovanni Vincenzo Antonio Ganganelli, papa Clemens XIV, pape Clément XIV, Pope Clement XIV",https://en.wikipedia.org/wiki/Pope%20Clement%20XIV,,,http://commons.wikimedia.org/wiki/Special:FilePath/Clemens%20XIV.PNG
http://www.wikidata.org/entity/Q128019,Pius VI,pope of catholic church 1775–1799,"Count Giovanni Angelo Braschi, Giannangelo Braschi, Giovanni Angelo Braschi, Papa Pius VI, Pope Pius VI",https://en.wikipedia.org/wiki/Pope%20Pius%20VI,,,http://commons.wikimedia.org/wiki/Special:FilePath/Pompeo%20Batoni%20-%20Ritratto%20di%20Papa%20Pio%20VI%20%28National%20Gallery%20of%20Ireland%29.jpg
http://www.wikidata.org/entity/Q124754,Pius VII,pope of the catholic church 1800–1823,"Barnaba Chiaramonti, Barnaba Niccolò Maria Luigi Chiaramonti, Father Gregory, Gregorio Chiaramonti, Luigi Barnaba Gregorio Chiaramonti, papa Pio VII, Papa Pío VII, pape Pie VII, paus Pius VII, Pius PP. VII, Pius VII. Papst, Pope Pie VII, Pope Pío VII, Pope Pius VII",https://en.wikipedia.org/wiki/Pope%20Pius%20VII,,,http://commons.wikimedia.org/wiki/Special:FilePath/Jacques-Louis%20David%20018.jpg
http://www.wikidata.org/entity/Q43727,Leo XII,pope of catholic church 1823–1829,"Annibale Francesco Clemente Melchiore Girolamo Nicola della Genga, Annibale Francesco Clemente Melchiore Girolamo Nicola Sermattei della Genga, Annibale Sermattei della Genga, Leo PP. XII, Leo XII. Papst, papa Leone XII, Papa Leone XII, pape Léon XII, Pope Leo XII",https://en.wikipedia.org/wiki/Pope%20Leo%20XII,,,http://commons.wikimedia.org/wiki/Special:FilePath/Pope%20Leo%20XII.PNG
http://www.wikidata.org/entity/Q4443,Pius VIII,Pope (1829-30),"Francesco Saverio Castiglioni, Pope Pius VIII",https://en.wikipedia.org/wiki/Pope%20Pius%20VIII,,,http://commons.wikimedia.org/wiki/Special:FilePath/PioVIII.jpg
http://www.wikidata.org/entity/Q43734,Gregory XVI,254th Pope of the Catholic Church,"‏ papa Gregorio‏ XVI, Bartolomeo Alberto Cappellari, Bartolommeo Alberto Cappellari, Gregor XVI. Papst, Gregorius PP. XVI, Mauro Cappellari, Papa Gregorio XVI, pape Grégoire XVI, Pope Gregory XVI",https://en.wikipedia.org/wiki/Pope%20Gregory%20XVI,,,http://commons.wikimedia.org/wiki/Special:FilePath/Gregory%20XVI.jpg
http://www.wikidata.org/entity/Q43734,Gregory XVI,254th Pope of the Catholic Church,"‏ papa Gregorio‏ XVI, Bartolomeo Alberto Cappellari, Bartolommeo Alberto Cappellari, Gregor XVI. Papst, Gregorius PP. XVI, Mauro Cappellari, Papa Gregorio XVI, pape Grégoire XVI, Pope Gregory XVI",https://en.wikipedia.org/wiki/Pope%20Gregory%20XVI,,,http://commons.wikimedia.org/wiki/Special:FilePath/Podesti%20Ritratto%20di%20Gregorio%20XVI.JPG
http://www.wikidata.org/entity/Q43720,Pius IX,255th Pope of the Catholic Church,"beato Pius PP. IX, Giovanni Maria Mastai- Ferretti, Giovanni Maria Mastai-Ferretti, Papa, Beato Pío IX, pape Pie IX, paus Pius IX, Pius IX. Papst, Pope Blessed Pius IX, Pope Pio IX, Pope Pius IX",https://en.wikipedia.org/wiki/Pope%20Pius%20IX,,,http://commons.wikimedia.org/wiki/Special:FilePath/Popepiusix.jpg
http://www.wikidata.org/entity/Q43922,Leo XIII,256th Pope of the Catholic Church,"Gioacchino Vincenzo Pecci, Leo PP. XIII, papa Leone XIII, Pope Leo XIII, Pope Léon XIII, Pope Leone XIII, Pope Lev XIII, Vincenzo Gioacchino Raffaele Luigi Pecci",https://en.wikipedia.org/wiki/Pope%20Leo%20XIII,,,http://commons.wikimedia.org/wiki/Special:FilePath/Leo%20XIII..jpg
http://www.wikidata.org/entity/Q43739,Pius X,Catholic Pope and saint,"Giuseppe Melchiorre Sarto, Pius PP. X, Pope Pius X, Pope Saint Pius X, Saint Pius X",https://en.wikipedia.org/wiki/Pope%20Pius%20X,,,http://commons.wikimedia.org/wiki/Special:FilePath/Papst%20Pius%20X-01..jpg
http://www.wikidata.org/entity/Q4448,Benedict XV,258th Pope of the Catholic Church,"Giacomo Giambattista della Chiesa, Giacomo Paolo Giovanni Battista della Chiesa, Pope Benedict XV",https://en.wikipedia.org/wiki/Pope%20Benedict%20XV,,,http://commons.wikimedia.org/wiki/Special:FilePath/Benedictus%20XV.jpg
http://www.wikidata.org/entity/Q42323,Pius XI,259th Pope of the Catholic Church,"A. Ratti, Achille Ratti, Ambrogio Damiano Achille Ratti, papa Pio XI, Papa Pío XI, pape Pie XI, paus Pius XI, Pius PP. XI, Pius XI. Papst, Pope Pio XI, Pope Pius XI",https://en.wikipedia.org/wiki/Pope%20Pius%20XI,,,http://commons.wikimedia.org/wiki/Special:FilePath/Papst%20Pius%20XI.%201JS.jpg
http://www.wikidata.org/entity/Q2604,Pius XII,260th Pope of the Catholic Church,"Eugenio Maria Giuseppe Giovanni Pacelli, Eugenio Marìa Giuseppe Giovanni Pacelli, Eugenio Pacelli, papa Pio XII, Papa Pío XII, pape Pie XII, paus Pius XII, Pius PP. XII, Pius XII. Papst, Pope Pie XII, Pope Pio XII, Pope Pius XII",https://en.wikipedia.org/wiki/Pope%20Pius%20XII,,,http://commons.wikimedia.org/wiki/Special:FilePath/Pio%20XII%20Pacelli.jpg
http://www.wikidata.org/entity/Q23873,John XXIII,261st Pope of the Catholic Church,"Angelo Giuseppe Roncalli, Angelo Roncalli, el `papa bo, Johannes XXIII. Papst, John 23, papa Giovanni XXIII, Papa Juan XXIII, pape Jean XXIII, Pope John XXIII, Pope Saint John XXIII, Saint John XXIII, santo Iohannes PP. XXIII",https://en.wikipedia.org/wiki/Pope%20John%20XXIII,,,http://commons.wikimedia.org/wiki/Special:FilePath/Pope%20John%20XXIII%20-%201959.jpg
http://www.wikidata.org/entity/Q16975,Paul VI,262nd Pope of the Catholic Church,"beato Paulus PP. VI, Blessed Paul VI, Giovanni Battista Enrico Antonio Maria Montini, Giovanni Battista Montini, Jan Baptist Montini, Papa Pablo VI, papa Paolo VI, pape Paul VI, Paul VI. Papst, Paulus VI, Pope Paul VI",https://en.wikipedia.org/wiki/Pope%20Paul%20VI,,,http://commons.wikimedia.org/wiki/Special:FilePath/Paolovi.jpg
http://www.wikidata.org/entity/Q37278,John Paul I,263rd Pope of the Catholic Church,"John Paul, Johannes Paulus, Albino Luciani, Iohannes Paulus PP. I, papa Giovanni Paolo I, Pope Giovanni Paolo I, Pope John Paul I",https://en.wikipedia.org/wiki/Pope%20John%20Paul%20I,,,http://commons.wikimedia.org/wiki/Special:FilePath/Albino%20Luciani%2C%201969%20%283%29.jpg
http://www.wikidata.org/entity/Q989,John Paul II,"264th Pope of the Catholic Church, saint","‏ papa Giovanni Paolo‏ II, Johannes Paul II. Papst, Karol Józef Wojtyła, Karol Wojtyla, Karol Wojtyła, pape Jean-Paul II, papież Jan Paweł II, Pope John Paul II, Pope Saint John Paul II the Great, Saint John Paul, Saint John Paul II, santo Iohannes Paulus PP. II",https://en.wikipedia.org/wiki/Pope%20John%20Paul%20II,,,http://commons.wikimedia.org/wiki/Special:FilePath/John%20Paul%20II%20Medal%20of%20Freedom%202004.jpg
http://www.wikidata.org/entity/Q2494,Benedict XVI,265th Pope of the Catholic Church,"Benedetto XVI, Josef Ratzinger, Joseph Aloisius Ratzinger, Pope Benedict XVI, Pope Emeritus Benedict XVI",https://en.wikipedia.org/wiki/Pope%20Benedict%20XVI,,,http://commons.wikimedia.org/wiki/Special:FilePath/Benedykt%20XVI%20%282010-10-17%29%204.jpg
http://www.wikidata.org/entity/Q450675,Francis,266th Pope of the Catholic Church,"Francis I, Francisco, Franciszek, Franciscus, Cardinal Jorge Bergoglio, Cardinal Jorge Mario Bergoglio, Jorge Bergoglio, Jorge Cardinal Bergoglio, Jorge Mario Bergoglio, Pope Francis, Pope Francis I",https://en.wikipedia.org/wiki/Pope%20Francis,,,http://commons.wikimedia.org/wiki/Special:FilePath/Pope%20Francis%20Korea%20Haemi%20Castle%2019.jpg
