#category, link, name, description
Capitals; Africa; Algeria,http://www.wikidata.org/entity/Q3561,Algiers,capital city of Algeria,http://www.wikidata.org/entity/Q262,"dz, PDRA, Peopleâ€™s Democratic Republic of Algeria",https://en.wikipedia.org/wiki/Algeria,,,,,
Capitals; Africa; Angola,http://www.wikidata.org/entity/Q3897,Luanda,capital of Angola,http://www.wikidata.org/entity/Q916,"êœ´, ao, Republic of Angola",https://en.wikipedia.org/wiki/Angola,,,,SÃ£o Paulo da AssunÃ§Ã£o de Loanda,
Capitals; Africa; Benin,http://www.wikidata.org/entity/Q3799,Porto-Novo,capital of Benin,http://www.wikidata.org/entity/Q962,"Dahomey, Republic of Benin, bj, ğŸ‡§ğŸ‡¯",https://en.wikipedia.org/wiki/Benin,,,,"AdjacÃ©, Hogbonou",
Capitals; Africa; Botswana,http://www.wikidata.org/entity/Q3919,Gaborone,capital of Botswana,http://www.wikidata.org/entity/Q963,"bw, Lefatshe la Botswana, Republic of Botswana, ğŸ‡§ğŸ‡¼",https://en.wikipedia.org/wiki/Botswana,,,,,
Capitals; Africa; Burkina Faso,http://www.wikidata.org/entity/Q3777,Ouagadougou,capital of Burkina Faso,http://www.wikidata.org/entity/Q965,"bf, ğŸ‡§ğŸ‡«",https://en.wikipedia.org/wiki/Burkina%20Faso,,,,,
Capitals; Africa; Burundi,http://www.wikidata.org/entity/Q3854,Bujumbura,capital of Burundi,http://www.wikidata.org/entity/Q967,"bi, Republic of Burundi, ğŸ‡§ğŸ‡®",https://en.wikipedia.org/wiki/Burundi,,,,,
Capitals; Africa; Cameroon,http://www.wikidata.org/entity/Q3808,YaoundÃ©,capital of Cameroon,http://www.wikidata.org/entity/Q1009,"cm, ğŸ‡¨ğŸ‡²",https://en.wikipedia.org/wiki/Cameroon,,,,"Yaounde, Cameroon",
Capitals; Africa; Cape Verde,http://www.wikidata.org/entity/Q3751,Praia,capital of Cape Verde,http://www.wikidata.org/entity/Q1011,"CV, Cabo Verde, CPV, cv, Republic of Cape Verde, ğŸ‡¨ğŸ‡»",https://en.wikipedia.org/wiki/Cape%20Verde,,,,,
Capitals; Africa; Central African Republic,http://www.wikidata.org/entity/Q3832,Bangui,capital city of the Central African Republic,http://www.wikidata.org/entity/Q929,"CAR, Centrafrique, cf, KÃ¶dÃ¶rÃ¶sÃªse tÃ® BÃªafrÃ®ka, RÃ©publique centrafricaine, ğŸ‡¨ğŸ‡«",https://en.wikipedia.org/wiki/Central%20African%20Republic,,,,,
Capitals; Africa; Chad,http://www.wikidata.org/entity/Q3659,N'Djamena,capital and largest city of Chad,http://www.wikidata.org/entity/Q657,"Ç¦umhÅ«riyyat TÅ¡Äd, Republic of Chad, RÃ©publique du Tchad, Tchad, td, Ø¬Ù…Ù‡ÙˆØ±ÙŠØ© ØªØ´Ø§Ø¯",https://en.wikipedia.org/wiki/Chad,,,,NDjamena,
Capitals; Africa; Comoros,http://www.wikidata.org/entity/Q3901,Moroni,city of the Comoros islands,http://www.wikidata.org/entity/Q970,"km, al-Ittiá¸¥Äd al-QamarÄ«, al-Ittiá¸¥Äd al-QumurÄ«, Juzur al-Qamar, Juzur al-Qumur, Udzima wa Komori, Union des Comores, Union of the Comoros, ğŸ‡°ğŸ‡²",https://en.wikipedia.org/wiki/Comoros,,,,,
Capitals; Africa; CÃ´te d'Ivoire,http://www.wikidata.org/entity/Q3768,Yamoussoukro,capital city of CÃ´te d'Ivoire,http://www.wikidata.org/entity/Q1008,"ci, Cote d'Ivoire, Ivory Coast, Republic of CÃ´te d'Ivoire, ğŸ‡¨ğŸ‡®",https://en.wikipedia.org/wiki/Ivory%20Coast,,,,,
Capitals; Africa; Democratic Republic of the Congo,http://www.wikidata.org/entity/Q3838,Kinshasa,capital city of the Democratic Republic of the Congo,http://www.wikidata.org/entity/Q974,"cd, Congo, Congo-Kinshasa, Dem. Rep. Congo, Dem. Republic of Congo, Dem. Republic of the Congo, Democratic Republic of Congo, DR Congo, DRC, Zaire, ğŸ‡¨ğŸ‡©",https://en.wikipedia.org/wiki/Democratic%20Republic%20of%20the%20Congo,,,,"Leopoldstad, LÃ©opoldville",
Capitals; Africa; Djibouti,http://www.wikidata.org/entity/Q3604,Djibouti,capital city of Djibouti,http://www.wikidata.org/entity/Q977,"Gabuuti, Jabuuti, dj, JÄ«bÅ«tÄ«, Republic of Djibouti, ğŸ‡©ğŸ‡¯",https://en.wikipedia.org/wiki/Djibouti,,,,Djibouti City,
Capitals; Africa; Egypt,http://www.wikidata.org/entity/Q85,Cairo,capital city of Egypt,http://www.wikidata.org/entity/Q79,"Arab Republic of Egypt, eg, EGY, Arab Rep. Egypt",https://en.wikipedia.org/wiki/Egypt,,,,"Cairo, Egypt",
Capitals; Africa; Equatorial Guinea,http://www.wikidata.org/entity/Q3818,Malabo,capital of Equatorial Guinea,http://www.wikidata.org/entity/Q983,"gq, Republic of Equatorial Guinea, ğŸ‡¬ğŸ‡¶",https://en.wikipedia.org/wiki/Equatorial%20Guinea,,,,,
Capitals; Africa; Eritrea,http://www.wikidata.org/entity/Q3642,Asmara,capital city of Eritrea,http://www.wikidata.org/entity/Q986,"er, ErtrÄ, IritriyÄ, State of Eritrea, ğŸ‡ªğŸ‡·",https://en.wikipedia.org/wiki/Eritrea,,,,Asmera,
Capitals; Africa; Ethiopia,http://www.wikidata.org/entity/Q3624,Addis Ababa,capital city of Ethiopia,http://www.wikidata.org/entity/Q115,"et, Federal Democratic Republic of Ethiopia, ğŸ‡ªğŸ‡¹",https://en.wikipedia.org/wiki/Ethiopia,,,,Finifinee,
Capitals; Africa; Gabon,http://www.wikidata.org/entity/Q3825,Libreville,capital of Gabon,http://www.wikidata.org/entity/Q1000,"ga, Gabonese Republic, RÃ©publique Gabonaise, ğŸ‡¬ğŸ‡¦",https://en.wikipedia.org/wiki/Gabon,,,,,
Capitals; Africa; Gambia,http://www.wikidata.org/entity/Q3726,Banjul,capital of The Gambia,http://www.wikidata.org/entity/Q1005,"gm, Islamic Republic of the Gambia, Republic of the Gambia, the Gambia, ğŸ‡¬ğŸ‡²",https://en.wikipedia.org/wiki/The%20Gambia,,,,,
Capitals; Africa; Ghana,http://www.wikidata.org/entity/Q3761,Accra,capital city of Ghana,http://www.wikidata.org/entity/Q117,"Republic of Ghana, ğŸ‡¬ğŸ‡­",https://en.wikipedia.org/wiki/Ghana,,,,,
Capitals; Africa; Guinea,http://www.wikidata.org/entity/Q3733,Conakry,capital of Guinea,http://www.wikidata.org/entity/Q1006,"gn, Guinea-Conakry, Republic of Guinea, RÃ©publique de GuinÃ©e, ğŸ‡¬ğŸ‡³",https://en.wikipedia.org/wiki/Guinea,,,,,
Capitals; Africa; Guinea-Bissau,http://www.wikidata.org/entity/Q3739,Bissau,capital city of Guinea-Bissau,http://www.wikidata.org/entity/Q1007,"Republic of Guinea-Bissau, ğŸ‡¬ğŸ‡¼",https://en.wikipedia.org/wiki/Guinea-Bissau,,,,,
Capitals; Africa; Kenya,http://www.wikidata.org/entity/Q3870,Nairobi,capital city of Kenya,http://www.wikidata.org/entity/Q114,"ke, KE, KEN, Republic of Kenya, ğŸ‡°ğŸ‡ª",https://en.wikipedia.org/wiki/Kenya,,,,,
Capitals; Africa; Lesotho,http://www.wikidata.org/entity/Q3909,Maseru,capital of Lesotho,http://www.wikidata.org/entity/Q1013,"ls, Kingdom of Lesotho, ğŸ‡±ğŸ‡¸",https://en.wikipedia.org/wiki/Lesotho,,,,,
Capitals; Africa; Liberia,http://www.wikidata.org/entity/Q3748,Monrovia,capital city of Liberia,http://www.wikidata.org/entity/Q1014,"lr, Republic of Liberia, ğŸ‡±ğŸ‡·",https://en.wikipedia.org/wiki/Liberia,,,,,
Capitals; Africa; Libya,http://www.wikidata.org/entity/Q3579,Tripoli,capital city of Libya,http://www.wikidata.org/entity/Q1016,"ly, State of Libya, ğŸ‡±ğŸ‡¾",https://en.wikipedia.org/wiki/Libya,,,,,
Capitals; Africa; Madagascar,http://www.wikidata.org/entity/Q3915,Antananarivo,capital of Madagascar,http://www.wikidata.org/entity/Q1019,"mg, Republic of Madagascar, ğŸ‡²ğŸ‡¬",https://en.wikipedia.org/wiki/Madagascar,,,,Tananarive,
Capitals; Africa; Malawi,http://www.wikidata.org/entity/Q3876,Lilongwe,capital of Malawi,http://www.wikidata.org/entity/Q1020,"mw, Republic of Malawi, ğŸ‡²ğŸ‡¼",https://en.wikipedia.org/wiki/Malawi,,,,,
Capitals; Africa; Mali,http://www.wikidata.org/entity/Q3703,Bamako,capital of Mali,http://www.wikidata.org/entity/Q912,"ml, Republic of Mali, RÃ©publique du Mali, ğŸ‡²ğŸ‡±",https://en.wikipedia.org/wiki/Mali,,,,,
Capitals; Africa; Mauritania,http://www.wikidata.org/entity/Q3688,Nouakchott,capital of Mauritania,http://www.wikidata.org/entity/Q1025,"mr, Agawej, GÃ nnaar, Islamic Republic of Mauritania, Moritani, Muritanya, Murutaane, ğŸ‡²ğŸ‡·",https://en.wikipedia.org/wiki/Mauritania,,,,,
Capitals; Africa; Mauritius,http://www.wikidata.org/entity/Q3929,Port Louis,city in Mauritius,http://www.wikidata.org/entity/Q1027,"Maurice, mu, Moris, Ãle Maurice, Republic of Mauritius, ğŸ‡²ğŸ‡º",https://en.wikipedia.org/wiki/Mauritius,,,,,
Capitals; Africa; Morocco,http://www.wikidata.org/entity/Q3551,Rabat,capital of Morocco,http://www.wikidata.org/entity/Q1028,"Marocco, ma, Maroc, al-MaÄ¡rib, Kingdom of Morocco, LmaÄ¡rib, ğŸ‡²ğŸ‡¦",https://en.wikipedia.org/wiki/Morocco,,,,,
Capitals; Africa; Mozambique,http://www.wikidata.org/entity/Q3889,Maputo,capital of Mozambique,http://www.wikidata.org/entity/Q1029,"MOZ, MoÃ§ambique, mz, MZ, Republic of Mozambique, RepÃºblica de MoÃ§ambique, ğŸ‡²ğŸ‡¿",https://en.wikipedia.org/wiki/Mozambique,,,,LourenÃ§o Marques,
Capitals; Africa; Namibia,http://www.wikidata.org/entity/Q3935,Windhoek,capital of the Republic of Namibia,http://www.wikidata.org/entity/Q1030,"na, Republic of Namibia, ğŸ‡³ğŸ‡¦",https://en.wikipedia.org/wiki/Namibia,,,,,
Capitals; Africa; Niger,http://www.wikidata.org/entity/Q3674,Niamey,capital of Niger,http://www.wikidata.org/entity/Q1032,"ne, Republic Niger, Republic of Niger, ğŸ‡³ğŸ‡ª",https://en.wikipedia.org/wiki/Niger,,,,,
Capitals; Africa; Nigeria,http://www.wikidata.org/entity/Q3787,Abuja,capital city of Nigeria,http://www.wikidata.org/entity/Q1033,"Federal Republic of Nigeria, ng, ğŸ‡³ğŸ‡¬",https://en.wikipedia.org/wiki/Nigeria,,,,,
Capitals; Africa; Republic of the Congo,http://www.wikidata.org/entity/Q3844,Brazzaville,capital of the Republic of the Congo,http://www.wikidata.org/entity/Q971,"cg, Congo Republic, Congo-Brazzaville, Rep. Congo, Republic of Congo, RÃ©publique du Congo, ğŸ‡¨ğŸ‡¬",https://en.wikipedia.org/wiki/Republic%20of%20the%20Congo,,,,,
Capitals; Africa; Rwanda,http://www.wikidata.org/entity/Q3859,Kigali,capital of Rwanda,http://www.wikidata.org/entity/Q1037,"Republic of Rwanda, rw, ğŸ‡·ğŸ‡¼",https://en.wikipedia.org/wiki/Rwanda,,,,,
Capitals; Africa; Sao TomÃ© and PrÃ­ncipe,http://www.wikidata.org/entity/Q3932,SÃ£o TomÃ©,capital city of SÃ£o TomÃ© and PrÃ­ncipe,http://www.wikidata.org/entity/Q1039,"st, Democratic Republic of SÃ£o TomÃ© and PrÃ­ncipe, Sao Tome and Principe, SÃ£o TomÃ© and PrÃ­ncipe, SÃ£o TomÃ© og PrÃ­ncipe, ğŸ‡¸ğŸ‡¹",https://en.wikipedia.org/wiki/S%C3%A3o%20Tom%C3%A9%20and%20Pr%C3%ADncipe,,,,,
Capitals; Africa; Senegal,http://www.wikidata.org/entity/Q3718,Dakar,capital of Senegal,http://www.wikidata.org/entity/Q1041,"Republic of Senegal, RÃ©publique du SÃ©nÃ©gal, SÃ©nÃ©gal, sn, ğŸ‡¸ğŸ‡³",https://en.wikipedia.org/wiki/Senegal,,,,,
Capitals; Africa; Seychelles,http://www.wikidata.org/entity/Q3940,Victoria,capital city of the Seychelles,http://www.wikidata.org/entity/Q1042,"sc, Republic of Seychelles, ğŸ‡¸ğŸ‡¨",https://en.wikipedia.org/wiki/Seychelles,,,,"Port Victoria, Victoria, Seychelles",
Capitals; Africa; Sierra Leone,http://www.wikidata.org/entity/Q3780,Freetown,capital of Sierra Leone,http://www.wikidata.org/entity/Q1044,"sl, Republic of Sierra Leone, ğŸ‡¸ğŸ‡±",https://en.wikipedia.org/wiki/Sierra%20Leone,,,,,
Capitals; Africa; Somalia,http://www.wikidata.org/entity/Q2449,Mogadishu,capital of Somalia,http://www.wikidata.org/entity/Q1045,"aá¹£-á¹¢Å«mÄl, Federal Republic of Somalia, so, Soomaaliya, ğŸ‡¸ğŸ‡´",https://en.wikipedia.org/wiki/Somalia,,,,"Xamar, The Seat of the Shah",
Capitals; Africa; South Africa,http://www.wikidata.org/entity/Q3926,Pretoria,capital city of South Africa,http://www.wikidata.org/entity/Q258,"SA, RSA, za, Republic of South Africa",https://en.wikipedia.org/wiki/South%20Africa,,,,,
Capitals; Africa; South Africa,http://www.wikidata.org/entity/Q5465,Cape Town,"city in the Western Cape, South Africa",http://www.wikidata.org/entity/Q258,"SA, RSA, za, Republic of South Africa",https://en.wikipedia.org/wiki/South%20Africa,,,,"iKapa, Kaapstad",
Capitals; Africa; South Africa,http://www.wikidata.org/entity/Q37701,Bloemfontein,"city in the Free State, South Africa",http://www.wikidata.org/entity/Q258,"SA, RSA, za, Republic of South Africa",https://en.wikipedia.org/wiki/South%20Africa,,,,,
Capitals; Africa; South Sudan,http://www.wikidata.org/entity/Q1947,Juba,capital of the Republic of South Sudan,http://www.wikidata.org/entity/Q958,"Republic of South Sudan, Southern Sudan, ss, ğŸ‡¸ğŸ‡¸",https://en.wikipedia.org/wiki/South%20Sudan,,,,,
Capitals; Africa; Sudan,http://www.wikidata.org/entity/Q1963,Khartoum,capital city of Sudan,http://www.wikidata.org/entity/Q1049,"as-SÅ«dÄn, North Sudan, Republic of the Sudan, sd, the Sudan, ğŸ‡¸ğŸ‡©",https://en.wikipedia.org/wiki/Sudan,,,,,
Capitals; Africa; Swaziland,http://www.wikidata.org/entity/Q3904,Mbabane,city in Swaziland,http://www.wikidata.org/entity/Q1050,"Eswatini, kaNgwane, Kingdom of Swaziland, sz, Umbuso weSwatini, ğŸ‡¸ğŸ‡¿",https://en.wikipedia.org/wiki/Swaziland,,,,,
Capitals; Africa; Swaziland,http://www.wikidata.org/entity/Q101418,Lobamba,city in Swaziland,http://www.wikidata.org/entity/Q1050,"Eswatini, kaNgwane, Kingdom of Swaziland, sz, Umbuso weSwatini, ğŸ‡¸ğŸ‡¿",https://en.wikipedia.org/wiki/Swaziland,,,,,
Capitals; Africa; Tanzania,http://www.wikidata.org/entity/Q3866,Dodoma,city and capital of Tanzania,http://www.wikidata.org/entity/Q924,"tz, United Republic of Tanzania, ğŸ‡¹ğŸ‡¿",https://en.wikipedia.org/wiki/Tanzania,,,,,
Capitals; Africa; Togo,http://www.wikidata.org/entity/Q3792,LomÃ©,capital of Togo,http://www.wikidata.org/entity/Q945,"RÃ©publique Togolaise, tg, Togolese Republic, ğŸ‡¹ğŸ‡¬",https://en.wikipedia.org/wiki/Togo,,,,"Lome, Togo",
Capitals; Africa; Tunisia,http://www.wikidata.org/entity/Q3572,Tunis,capital city of Tunisia,http://www.wikidata.org/entity/Q948,"al-JumhÅ«riyyah at-TÅ«nisiyyah, Republic of Tunisia, RÃ©publique tunisienne, tn, TÅ«nis, Tunisian Republic, Tunisie, ğŸ‡¹ğŸ‡³",https://en.wikipedia.org/wiki/Tunisia,,,,,
Capitals; Africa; Uganda,http://www.wikidata.org/entity/Q3894,Kampala,capital of Uganda,http://www.wikidata.org/entity/Q1036,"Republic of Uganda, ug, ğŸ‡ºğŸ‡¬",https://en.wikipedia.org/wiki/Uganda,,,,,
Capitals; Africa; Zambia,http://www.wikidata.org/entity/Q3881,Lusaka,capital of Zambia,http://www.wikidata.org/entity/Q953,"zm, ZAM, Republic of Zambia, ğŸ‡¿ğŸ‡²",https://en.wikipedia.org/wiki/Zambia,,,,,
Capitals; Africa; Zimbabwe,http://www.wikidata.org/entity/Q3921,Harare,capital of Zimbabwe,http://www.wikidata.org/entity/Q954,"Republic of Zimbabwe, zw, ğŸ‡¿ğŸ‡¼",https://en.wikipedia.org/wiki/Zimbabwe,,,,Salisbury,
Capitals; Asia; Afghanistan,http://www.wikidata.org/entity/Q5838,Kabul,capital of Afghanistan,http://www.wikidata.org/entity/Q889,"af, Islamic Republic of Afghanistan, ğŸ‡¦ğŸ‡«",https://en.wikipedia.org/wiki/Afghanistan,,,,"Cabool, Cabul, Caubul, Kabol",
Capitals; Asia; Azerbaijan,http://www.wikidata.org/entity/Q9248,Baku,capital of Azerbaijan,http://www.wikidata.org/entity/Q227,"az, Republic of Azerbaijan, ğŸ‡¦ğŸ‡¿",https://en.wikipedia.org/wiki/Azerbaijan,,,,Baki,
Capitals; Asia; Bahrain,http://www.wikidata.org/entity/Q3882,Manama,capital of Bahrain,http://www.wikidata.org/entity/Q398,"bh, Kingdom of Bahrain, ğŸ‡§ğŸ‡­",https://en.wikipedia.org/wiki/Bahrain,,,,,
Capitals; Asia; Bangladesh,http://www.wikidata.org/entity/Q1354,Dhaka,capital of Bangladesh,http://www.wikidata.org/entity/Q902,"bd, People's Republic of Bangladesh, ğŸ‡§ğŸ‡©",https://en.wikipedia.org/wiki/Bangladesh,,,,"City of Mosques, Dacca",
Capitals; Asia; Bhutan,http://www.wikidata.org/entity/Q9270,Thimphu,capital of Bhutan,http://www.wikidata.org/entity/Q917,"bt, Kingdom of Bhutan, ğŸ‡§ğŸ‡¹",https://en.wikipedia.org/wiki/Bhutan,,,,Thimpu,
Capitals; Asia; Brunei,http://www.wikidata.org/entity/Q9279,Bandar Seri Begawan,capital of Brunei,http://www.wikidata.org/entity/Q921,"bn, Brunei Darussalam, Nation of Brunei, the Abode of Peace, ğŸ‡§ğŸ‡³",https://en.wikipedia.org/wiki/Brunei,,,,"BSB, Bandar, Seri Begawan",
Capitals; Asia; Cambodia,http://www.wikidata.org/entity/Q1850,Phnom Penh,capital of Cambodia,http://www.wikidata.org/entity/Q424,"Kingdom of Cambodia, kh",https://en.wikipedia.org/wiki/Cambodia,,,,,
Capitals; Asia; Cyprus,http://www.wikidata.org/entity/Q3856,Nicosia,capital city of Cyprus,http://www.wikidata.org/entity/Q229,"cy, Republic of Cyprus, ğŸ‡¨ğŸ‡¾",https://en.wikipedia.org/wiki/Cyprus,,,,Lefkosia,
Capitals; Asia; East Timor,http://www.wikidata.org/entity/Q9310,Dili,Capital of East Timor,http://www.wikidata.org/entity/Q574,"Democratic Republic of Timor-Leste, Timor-Leste, tl, ğŸ‡¹ğŸ‡±",https://en.wikipedia.org/wiki/East%20Timor,,,,City of Dili,
Capitals; Asia; Egypt,http://www.wikidata.org/entity/Q85,Cairo,capital city of Egypt,http://www.wikidata.org/entity/Q79,"Arab Republic of Egypt, eg, EGY, Arab Rep. Egypt",https://en.wikipedia.org/wiki/Egypt,,,,"Cairo, Egypt",
Capitals; Asia; India,http://www.wikidata.org/entity/Q987,New Delhi,district of Delhi and Indian capital city,http://www.wikidata.org/entity/Q668,"in, Aryavart, Bharat, Bharatvarsh, Hindustan, IN, Republic of India",https://en.wikipedia.org/wiki/India,,,,,
Capitals; Asia; Indonesia,http://www.wikidata.org/entity/Q3630,Jakarta,"province of Indonesia, capital region of Indonesia",http://www.wikidata.org/entity/Q252,"ID, id, RI, IDN, Negara Kesatuan Republik Indonesia, NKRI, Republic of Indonesia, Republik Indonesia",https://en.wikipedia.org/wiki/Indonesia,,,,Special Capital Region of Jakarta,
Capitals; Asia; Iran,http://www.wikidata.org/entity/Q3616,Tehran,capital of Iran,http://www.wikidata.org/entity/Q794,"Persia, ir, ğŸ‡®ğŸ‡·, Islamic Rep. Iran, Islamic Republic of Iran, Republic of Iran",https://en.wikipedia.org/wiki/Iran,,,,"Teheran, ØªÙ‡Ø±Ø§Ù†â€",
Capitals; Asia; Iraq,http://www.wikidata.org/entity/Q1530,Baghdad,capital of Iraq,http://www.wikidata.org/entity/Q796,"Republic of Iraq, al-â€˜IrÄq, iq, JumhÅ«riyyat al-â€˜IrÄq, Komar-i â€˜ÃŠraq, ğŸ‡®ğŸ‡¶",https://en.wikipedia.org/wiki/Iraq,,,,,
Capitals; Asia; Israel,http://www.wikidata.org/entity/Q1218,Jerusalem,ancient holy city in the Judean Mountains,http://www.wikidata.org/entity/Q801,"Holy Land, il, ğŸ‡®ğŸ‡±, State of Israel, the Jewish state, ×™×©×¨××œ",https://en.wikipedia.org/wiki/Israel,,,,"Al Quds, Al-Quds, Yerushalayim",
Capitals; Asia; Japan,http://www.wikidata.org/entity/Q1490,Tokyo,"capital of Japan with 13 million inhabitants, and one of 47 prefectures of Japan",http://www.wikidata.org/entity/Q17,"JA, JPN, jp, JAP, Nippon, Land of the Rising Sun, JP, Nihon, ğŸ‡¯ğŸ‡µ, Nihon-koku, Nippon-koku, State of Japan, ğŸ—¾",https://en.wikipedia.org/wiki/Japan,,,,"Tokio, Tokyo, TÃ´kyÃ´, TÅkyÅ, Tokyo Metropolis, Tokyo Metropolitan prefecture, Tokyo-to, TÃ´kyÃ´-to, TÅkyÅ-to",
Capitals; Asia; Jordan,http://www.wikidata.org/entity/Q3805,Amman,capital of Jordan,http://www.wikidata.org/entity/Q810,"Hashemite Kingdom of Jordan, jo, JO, JOR, Kingdom of Jordan, ğŸ‡¯ğŸ‡´",https://en.wikipedia.org/wiki/Jordan,,,,,
Capitals; Asia; Kazakhstan,http://www.wikidata.org/entity/Q1520,Astana,capital of Kazakhstan,http://www.wikidata.org/entity/Q232,"kz, Qazaqstan, Republic of Kazakhstan",https://en.wikipedia.org/wiki/Kazakhstan,,,,,
Capitals; Asia; Kuwait,http://www.wikidata.org/entity/Q35178,Kuwait City,capital of Kuwait,http://www.wikidata.org/entity/Q817,"Dawlat al-Kuwait, kw, State of Kuwait, ğŸ‡°ğŸ‡¼",https://en.wikipedia.org/wiki/Kuwait,,,,"Kuwait, Al Kuwait",
Capitals; Asia; Kyrgyzstan,http://www.wikidata.org/entity/Q9361,Bishkek,capital of Kyrgyzstan,http://www.wikidata.org/entity/Q813,"kg, Kirgizia, Kyrgyz Republic, ğŸ‡°ğŸ‡¬",https://en.wikipedia.org/wiki/Kyrgyzstan,,,,Frunze,
Capitals; Asia; Laos,http://www.wikidata.org/entity/Q9326,Vientiane,capital of Laos,http://www.wikidata.org/entity/Q819,"la, Lao PDR, Lao People's Democratic Republic, ğŸ‡±ğŸ‡¦",https://en.wikipedia.org/wiki/Laos,,,,,
Capitals; Asia; Lebanon,http://www.wikidata.org/entity/Q3820,Beirut,capital of Lebanon,http://www.wikidata.org/entity/Q822,"lb, Lebanese Republic, Republic of Lebanon, ğŸ‡±ğŸ‡§",https://en.wikipedia.org/wiki/Lebanon,,,,,
Capitals; Asia; Malaysia,http://www.wikidata.org/entity/Q1865,Kuala Lumpur,capital of Malaysia,http://www.wikidata.org/entity/Q833,"my, ğŸ‡²ğŸ‡¾",https://en.wikipedia.org/wiki/Malaysia,,,,KL,
Capitals; Asia; Maldives,http://www.wikidata.org/entity/Q9347,MalÃ©,capital of Maldives,http://www.wikidata.org/entity/Q826,"mv, ğŸ‡²ğŸ‡»",https://en.wikipedia.org/wiki/Maldives,,,,,
Capitals; Asia; Mongolia,http://www.wikidata.org/entity/Q23430,Ulaanbaatar,capital of Mongolia,http://www.wikidata.org/entity/Q711,"mn, MNG, Mongol uls, ğŸ‡²ğŸ‡³",https://en.wikipedia.org/wiki/Mongolia,,,,"Ulan Bator, Capital of Mongolia, East HÃ¼ree, HÃ¼ree, Ih Huree, Khan of Urga, Niislel HÃ¼ree, Ulan-Bator, Ğ£Ğ»Ğ°Ğ°Ğ½Ğ±Ğ°Ğ°Ñ‚Ğ°Ñ€, á ¤á ¯á  á ­á  á ¨á ªá  á ­á  á ²á ¤á ·",
Capitals; Asia; Myanmar,http://www.wikidata.org/entity/Q37400,Naypyidaw,Capital of Myanmar,http://www.wikidata.org/entity/Q836,"Burma, MM, Republic of the Union of Myanmar, Union of Burma, ğŸ‡²ğŸ‡²",https://en.wikipedia.org/wiki/Myanmar,,,,,
Capitals; Asia; Nepal,http://www.wikidata.org/entity/Q3037,Kathmandu,capital of Nepal,http://www.wikidata.org/entity/Q837,"Federal Democratic Republic of Nepal, NP, NPL, ğŸ‡³ğŸ‡µ",https://en.wikipedia.org/wiki/Nepal,,,,,
Capitals; Asia; North Korea,http://www.wikidata.org/entity/Q18808,Pyongyang,capital city of North Korea,http://www.wikidata.org/entity/Q423,"kp, Dem. Rep. Korea, Democratic People's Republic of Korea, DPRK, N. Korea, PRK",https://en.wikipedia.org/wiki/North%20Korea,,,,"Capital of Revolution, Ryugyong",
Capitals; Asia; Oman,http://www.wikidata.org/entity/Q3826,Muscat,capital of Oman,http://www.wikidata.org/entity/Q842,"om, ğŸ‡´ğŸ‡²",https://en.wikipedia.org/wiki/Oman,,,,,
Capitals; Asia; Pakistan,http://www.wikidata.org/entity/Q1362,Islamabad,capital city of Pakistan,http://www.wikidata.org/entity/Q843,"Islamic Republic of Pakistan, pk, ğŸ‡µğŸ‡°",https://en.wikipedia.org/wiki/Pakistan,,,,IslÄm ÄbÄd,
Capitals; Asia; People's Republic of China,http://www.wikidata.org/entity/Q956,Beijing,capital city of China,http://www.wikidata.org/entity/Q148,"China, PRC, CN, cn, PR China",https://en.wikipedia.org/wiki/China,,,,"BJ, Peking, Beiping, Khanbaliq, Peiping, Yanjing, Zhongdu",
Capitals; Asia; Philippines,http://www.wikidata.org/entity/Q1461,Manila,capital city of the Philippines,http://www.wikidata.org/entity/Q928,"PH, RP, Republic of the Philippines, ph, Philippine Islands, PHL, the Philippines, ğŸ‡µğŸ‡­",https://en.wikipedia.org/wiki/Philippines,,,,City of Manila,
Capitals; Asia; Qatar,http://www.wikidata.org/entity/Q3861,Doha,capital of Qatar,http://www.wikidata.org/entity/Q846,"ğŸ‡¶ğŸ‡¦, qa, State of Qatar",https://en.wikipedia.org/wiki/Qatar,,,,,
Capitals; Asia; Russia,http://www.wikidata.org/entity/Q649,Moscow,capital city and the largest city of Russia,http://www.wikidata.org/entity/Q159,"ru, Rossiya, RU, Rossija, Rossijskaja Federatsija, Rossiyskaya Federatsiya, Russian Federation",https://en.wikipedia.org/wiki/Russia,,,, separate federal subject of Russia,"City of Moscow, Moscow, Russia, Moscow, Russian Federation, Moscow, Russian SFSR, Moscow, Soviet Union, Moscow, USSR, Moskva, Moskva Federal City, Russia, Moskva, Russia, ĞœĞ¾ÑĞºĞ²Ğ°"
Capitals; Asia; Saudi Arabia,http://www.wikidata.org/entity/Q3692,Riyadh,capital of Saudi Arabia,http://www.wikidata.org/entity/Q851,"ğŸ‡¸ğŸ‡¦, KSA, sa, Kingdom of Saudi Arabia",https://en.wikipedia.org/wiki/Saudi%20Arabia,,,,,
Capitals; Asia; Singapore,http://www.wikidata.org/entity/Q334,Singapore,republic in Southeast Asia,http://www.wikidata.org/entity/Q334,"Republic of Singapore, sg, SG, ğŸ‡¸ğŸ‡¬",https://en.wikipedia.org/wiki/Singapore,,,,"Republic of Singapore, sg, SG, ğŸ‡¸ğŸ‡¬",
Capitals; Asia; South Korea,http://www.wikidata.org/entity/Q8684,Seoul,capital city of South Korea,http://www.wikidata.org/entity/Q884,"kr, Korea, ROK, KoryÅ, Republic of Korea, Daehan Minguk, Korea Republic, ğŸ‡°ğŸ‡·, Rep. Korea, Republic of Great Han, Republic of South Korea, S. Korea, The Republic of Great Han, ëŒ€í•œë¯¼êµ­, å¤§éŸ“æ°‘åœ‹",https://en.wikipedia.org/wiki/South%20Korea,,,,"Hanyang, Gyeongseong, Hanseong, KeijÅ, Keijou, Namgyeong, Seoul Teukbyeolsi, SÅul T'Å­kpyÅlsi, Wiryeseong",
Capitals; Asia; Sri Lanka,http://www.wikidata.org/entity/Q35381,Colombo,commercial capital of Sri Lanka,http://www.wikidata.org/entity/Q854,"Ceylon, Democratic Socialist Republic of Sri Lanka, lk, Taprobane, ğŸ‡±ğŸ‡°",https://en.wikipedia.org/wiki/Sri%20Lanka,,,,,
Capitals; Asia; Sri Lanka,http://www.wikidata.org/entity/Q41963,Sri Jayawardenepura Kotte,administrative capital of Sri Lanka,http://www.wikidata.org/entity/Q854,"Ceylon, Democratic Socialist Republic of Sri Lanka, lk, Taprobane, ğŸ‡±ğŸ‡°",https://en.wikipedia.org/wiki/Sri%20Lanka,,,,Kotte,
Capitals; Asia; Syria,http://www.wikidata.org/entity/Q3766,Damascus,capital of Syria,http://www.wikidata.org/entity/Q858,"sy, Syrian Arab Republic, ğŸ‡¸ğŸ‡¾",https://en.wikipedia.org/wiki/Syria,,,,"ash-Sham, City of Jasmine",
Capitals; Asia; Tajikistan,http://www.wikidata.org/entity/Q9365,Dushanbe,capital of Tajikistan,http://www.wikidata.org/entity/Q863,"Republic of Tajikistan, tj, ğŸ‡¹ğŸ‡¯",https://en.wikipedia.org/wiki/Tajikistan,,,,"Stalinabad, Dyushambe",
Capitals; Asia; Thailand,http://www.wikidata.org/entity/Q1861,Bangkok,capital of Thailand,http://www.wikidata.org/entity/Q869,"Siam, th, Kingdom of Thailand, ğŸ‡¹ğŸ‡­",https://en.wikipedia.org/wiki/Thailand,,,,,
Capitals; Asia; Turkey,http://www.wikidata.org/entity/Q3640,Ankara,capital of Turkey,http://www.wikidata.org/entity/Q43,"Republic of Turkey, tr",https://en.wikipedia.org/wiki/Turkey,,,,,
Capitals; Asia; Turkmenistan,http://www.wikidata.org/entity/Q23438,Ashgabat,capital city of Turkmenistan,http://www.wikidata.org/entity/Q874,"tm, Turkmenia, ğŸ‡¹ğŸ‡²",https://en.wikipedia.org/wiki/Turkmenistan,,,,"'Ishqabad, `Ishqabad, `IshqÃ¡bÃ¡d, Ak-Gaudan, Aschchabad, Asgabat, AÅ¡gabat, AÅŸgabat, Ashabad, Ashgabad, Ashkabad, Ashkabat, Ashkhabad, Ashqabad, Askabad, Askhabad, Ishqabad, Ishqabat, Poltoratsk, ĞÑˆÑ…Ğ°Ğ±Ğ°Ğ´",
Capitals; Asia; United Arab Emirates,http://www.wikidata.org/entity/Q1519,Abu Dhabi,city and capital of United Arab Emirates,http://www.wikidata.org/entity/Q878,"UAE, Emirates, ae, the Emirates, the U.A.E., the UAE, the United Arab Emirates, U.A.E., ğŸ‡¦ğŸ‡ª",https://en.wikipedia.org/wiki/United%20Arab%20Emirates,,,,AbÅ« Dhabi,
Capitals; Asia; Uzbekistan,http://www.wikidata.org/entity/Q269,Tashkent,capital of Uzbekistan,http://www.wikidata.org/entity/Q265,"uz, Republic of Uzbekistan",https://en.wikipedia.org/wiki/Uzbekistan,,,,,
Capitals; Asia; Vietnam,http://www.wikidata.org/entity/Q1858,Hanoi,capital of Vietnam,http://www.wikidata.org/entity/Q881,"Socialist Republic of Vietnam, Viet Nam, vn, ğŸ‡»ğŸ‡³",https://en.wikipedia.org/wiki/Vietnam,,,,"Tonkin, Thang Long, Dong Do, Ha Noi, HÃ  Ná»™i",
Capitals; Asia; Yemen,http://www.wikidata.org/entity/Q2471,Sana'a,capital city of Yemen,http://www.wikidata.org/entity/Q805,"Rep. Yemen, Republic of Yemen, ye, ğŸ‡¾ğŸ‡ª",https://en.wikipedia.org/wiki/Yemen,,,,"Sana, Sanaa, á¹¢anâ€˜Äâ€™, Sanaâ€˜a",
Capitals; Europe; Albania,http://www.wikidata.org/entity/Q19689,Tirana,capital of Albania,http://www.wikidata.org/entity/Q222,"Republic of Albania, al, Republika e ShqipÃ«risÃ«, ShqipÃ«risÃ«, ğŸ‡¦ğŸ‡±",https://en.wikipedia.org/wiki/Albania,,,,"TiranÃ«, Tirane",
Capitals; Europe; Andorra,http://www.wikidata.org/entity/Q1863,Andorra la Vella,capital of Andorra,http://www.wikidata.org/entity/Q228,"ad, Principality of Andorra, Principality of the Valleys of Andorra, ğŸ‡¦ğŸ‡©",https://en.wikipedia.org/wiki/Andorra,,,,,
Capitals; Europe; Armenia,http://www.wikidata.org/entity/Q1953,Yerevan,capital of Armenia,http://www.wikidata.org/entity/Q399,"Republic of Armenia, ğŸ‡¦ğŸ‡²",https://en.wikipedia.org/wiki/Armenia,,,,"Erevan, Eriwan",
Capitals; Europe; Austria,http://www.wikidata.org/entity/Q1741,Vienna,capital and one of nine States of Austria,http://www.wikidata.org/entity/Q40,"at, AT, Ã–sterreich, Republik Ã–sterreich, Republic of Austria, ğŸ‡¦ğŸ‡¹",https://en.wikipedia.org/wiki/Austria,,,,"W, Wien, Vienna, Austria",
Capitals; Europe; Azerbaijan,http://www.wikidata.org/entity/Q9248,Baku,capital of Azerbaijan,http://www.wikidata.org/entity/Q227,"az, Republic of Azerbaijan, ğŸ‡¦ğŸ‡¿",https://en.wikipedia.org/wiki/Azerbaijan,,,,Baki,
Capitals; Europe; Belarus,http://www.wikidata.org/entity/Q2280,Minsk,capital city of Belarus,http://www.wikidata.org/entity/Q184,"White Russia, by, Republic of Belarus, White Ruthenia, ğŸ‡§ğŸ‡¾",https://en.wikipedia.org/wiki/Belarus,,,,"MiÅ„sk, ĞœĞµĞ½ÑĞº, ĞœĞ¸Ğ½ÑĞº, ĞœÑ–Ğ½ÑĞº",
Capitals; Europe; Belgium,http://www.wikidata.org/entity/Q239,Brussels,"city and municipality in the Brussels-Capital Region, capital of Belgium",http://www.wikidata.org/entity/Q31,"be, Kingdom of Belgium",https://en.wikipedia.org/wiki/Belgium,,,,"Bruxelles, Brussel, Brussels City, Brussels, Belgium, City of Brussels, Stad Brussel, Ville de Bruxelles",
Capitals; Europe; Bosnia and Herzegovina,http://www.wikidata.org/entity/Q11194,Sarajevo,capital city of Bosnia and Herzegovina,http://www.wikidata.org/entity/Q225,"B&H, Bosnia, BiH, Bosnia & Herzegovina, Bosnia-Herzegovina, ğŸ‡§ğŸ‡¦",https://en.wikipedia.org/wiki/Bosnia%20and%20Herzegovina,,,,,
Capitals; Europe; Bulgaria,http://www.wikidata.org/entity/Q472,Sofia,capital city of Bulgaria,http://www.wikidata.org/entity/Q219,"bg, Republic of Bulgaria, ğŸ‡§ğŸ‡¬",https://en.wikipedia.org/wiki/Bulgaria,,,,"Serdica, Sredez",
Capitals; Europe; Croatia,http://www.wikidata.org/entity/Q1435,Zagreb,capital city of Croatia,http://www.wikidata.org/entity/Q224,"hr, HR, HRV, Republic of Croatia, ğŸ‡­ğŸ‡·",https://en.wikipedia.org/wiki/Croatia,,,,,
Capitals; Europe; Czech Republic,http://www.wikidata.org/entity/Q1085,Prague,capital city of the Czech Republic,http://www.wikidata.org/entity/Q213,"cz, Czechia, CZR",https://en.wikipedia.org/wiki/Czech%20Republic,,,,Praha,
Capitals; Europe; Estonia,http://www.wikidata.org/entity/Q1770,Tallinn,capital city of Estonia,http://www.wikidata.org/entity/Q191,"ee, Eesti, EST, Estland, Republic of Estonia, ğŸ‡ªğŸ‡ª",https://en.wikipedia.org/wiki/Estonia,,,,"Reval, Tallinna",
Capitals; Europe; Finland,http://www.wikidata.org/entity/Q1757,Helsinki,city in the region of Uusimaa in Finland,http://www.wikidata.org/entity/Q33,"Finlandia, Suomi, fi, Finlande, Finnia, Finnland, Land of Thousand Lakes, Republic of Finland, Republiken Finland, Suomen tasavalta, ğŸ‡«ğŸ‡®",https://en.wikipedia.org/wiki/Finland,,,,"Helsingfors, Helsingia",
Capitals; Europe; France,http://www.wikidata.org/entity/Q90,Paris,capital city of France,http://www.wikidata.org/entity/Q142,"fr, FR, French Republic, La France, Republic of France, RÃ©publique franÃ§aise",https://en.wikipedia.org/wiki/France,,,,"City of Light, Paris, France",
Capitals; Europe; Georgia,http://www.wikidata.org/entity/Q994,Tbilisi,capital city of Georgia,http://www.wikidata.org/entity/Q230,"Republic of Georgia, Sakartvelo, Saqartvelo, ğŸ‡¬ğŸ‡ª",https://en.wikipedia.org/wiki/Georgia%20%28country%29,,,,"Tiflis, Tbilissi, Tpilisi, Tpilissi, áƒ—áƒ‘áƒ˜áƒšáƒ˜áƒ¡áƒ˜, áƒ¢áƒ¤áƒ˜áƒšáƒ˜áƒ¡áƒ˜",
Capitals; Europe; Georgia,http://www.wikidata.org/entity/Q172415,Kutaisi,third largest city and legislative capital of Georgia,http://www.wikidata.org/entity/Q230,"Republic of Georgia, Sakartvelo, Saqartvelo, ğŸ‡¬ğŸ‡ª",https://en.wikipedia.org/wiki/Georgia%20%28country%29,,,,,
Capitals; Europe; Germany,http://www.wikidata.org/entity/Q64,Berlin,capital city of Germany,http://www.wikidata.org/entity/Q183,"FRG, BRD, Federal Republic of Germany, de, Bundesrepublik Deutschland, ğŸ‡©ğŸ‡ª",https://en.wikipedia.org/wiki/Germany,,,,"Berlin, Germany",
Capitals; Europe; Greece,http://www.wikidata.org/entity/Q1524,Athens,capital city of Greece,http://www.wikidata.org/entity/Q41,"gr, Hellas, Hellenic Republic, Republic of Greece",https://en.wikipedia.org/wiki/Greece,,,,,
Capitals; Europe; Hungary,http://www.wikidata.org/entity/Q1781,Budapest,capital city of Hungary,http://www.wikidata.org/entity/Q28,"hu, ğŸ‡­ğŸ‡º",https://en.wikipedia.org/wiki/Hungary,,,,"Buda Pest, Buda-Pest",
Capitals; Europe; Iceland,http://www.wikidata.org/entity/Q1764,ReykjavÃ­k,capital and largest city in Iceland,http://www.wikidata.org/entity/Q189,"Island, is, Republic of Iceland, ğŸ‡®ğŸ‡¸",https://en.wikipedia.org/wiki/Iceland,,,,"Reykjavik, ReykjavÃ­kurborg",
Capitals; Europe; Ireland,http://www.wikidata.org/entity/Q1761,Dublin,capital city of Ireland,http://www.wikidata.org/entity/Q27,"Hibernia, IRL, Republic of Ireland, IE, ie, Ã‰ire, ireland, Ireland, Republic of, ğŸ‡®ğŸ‡ª",https://en.wikipedia.org/wiki/Republic%20of%20Ireland,,,,"City of Dublin, Dublin city",
Capitals; Europe; Italy,http://www.wikidata.org/entity/Q220,Rome,capital city of Italy,http://www.wikidata.org/entity/Q38,"it, Italia, IT, ğŸ‡®ğŸ‡¹, Italian Republic",https://en.wikipedia.org/wiki/Italy,,,,"Roma, The Eternal City",
Capitals; Europe; Kazakhstan,http://www.wikidata.org/entity/Q1520,Astana,capital of Kazakhstan,http://www.wikidata.org/entity/Q232,"kz, Qazaqstan, Republic of Kazakhstan",https://en.wikipedia.org/wiki/Kazakhstan,,,,,
Capitals; Europe; Kingdom of the Netherlands,http://www.wikidata.org/entity/Q727,Amsterdam,capital and largest city in the Netherlands,http://www.wikidata.org/entity/Q29999,"Netherlands, NL, the Netherlands",https://en.wikipedia.org/wiki/Kingdom%20of%20the%20Netherlands,,,,"A'dam, Amsterdam, Netherlands, Amsterdam, NL, Mokum",
Capitals; Europe; Latvia,http://www.wikidata.org/entity/Q1773,Riga,capital and largest city of Latvia,http://www.wikidata.org/entity/Q211,"Latvian Republic, Latvija, lv, Republic of Latvia, ğŸ‡±ğŸ‡»",https://en.wikipedia.org/wiki/Latvia,,,,,
Capitals; Europe; Liechtenstein,http://www.wikidata.org/entity/Q1844,Vaduz,capital of Liechtenstein,http://www.wikidata.org/entity/Q347,"FL, li, LI, Principality of Liechtenstein, ğŸ‡±ğŸ‡®",https://en.wikipedia.org/wiki/Liechtenstein,,,,,
Capitals; Europe; Lithuania,http://www.wikidata.org/entity/Q216,Vilnius,capital of Lithuania,http://www.wikidata.org/entity/Q37,"Lietuva, lt, Republic of Lithuania, ğŸ‡±ğŸ‡¹",https://en.wikipedia.org/wiki/Lithuania,,,,"Wilno, Vilna",
Capitals; Europe; Luxembourg,http://www.wikidata.org/entity/Q1842,Luxembourg,capital city of the country Luxembourg,http://www.wikidata.org/entity/Q32,"LU, Luxemburg, Grand Duchy of Luxembourg, lu, ğŸ‡±ğŸ‡º",https://en.wikipedia.org/wiki/Luxembourg,,,,"City of Luxembourg, Luxembourg City",
Capitals; Europe; Malta,http://www.wikidata.org/entity/Q23800,Valletta,capital of Malta,http://www.wikidata.org/entity/Q233,"mt, Republic of Malta, ğŸ‡²ğŸ‡¹",https://en.wikipedia.org/wiki/Malta,,,,"Capital of Malta, CittÃ  Umilissima, Il-Belt Valletta, La Valleta, La Valletta, Valetta, Valleta",
Capitals; Europe; Moldova,http://www.wikidata.org/entity/Q21197,ChiÈ™inÄƒu,capital of Moldova,http://www.wikidata.org/entity/Q217,"md, Moldavia, Republic of Moldova, Republica Moldova, ğŸ‡²ğŸ‡©",https://en.wikipedia.org/wiki/Moldova,,,,"Chisinau, ChiÅŸinÄƒu, Kishinev, ĞšĞ¸ÑˆĞ¸Ğ½Ñ‘Ğ²",
Capitals; Europe; Monaco,http://www.wikidata.org/entity/Q55115,Monaco-Ville,town in Monaco,http://www.wikidata.org/entity/Q235,"mc, Principality of Monaco, ğŸ‡²ğŸ‡¨",https://en.wikipedia.org/wiki/Monaco,,,,,
Capitals; Europe; Montenegro,http://www.wikidata.org/entity/Q23564,Podgorica,capital city of Montenegro,http://www.wikidata.org/entity/Q236,"me, ğŸ‡²ğŸ‡ª",https://en.wikipedia.org/wiki/Montenegro,,,,"BurguriÃ§e, Capital of Montenegro, Podgoritsa, Titograd",
Capitals; Europe; Norway,http://www.wikidata.org/entity/Q585,Oslo,capital city and county in Norway,http://www.wikidata.org/entity/Q20,"NO, Norge, no, Kingdom of Norway, NOR, Noreg, NorvÃ¨geâ€, Norwegenâ€",https://en.wikipedia.org/wiki/Norway,,,,"Christiania, Kristiania",
Capitals; Europe; Poland,http://www.wikidata.org/entity/Q270,Warsaw,capital and largest city of Poland,http://www.wikidata.org/entity/Q36,"PL, pl, POL, Polska, Republic of Poland",https://en.wikipedia.org/wiki/Poland,,,,Warszawa,
Capitals; Europe; Portugal,http://www.wikidata.org/entity/Q597,Lisbon,capital city of Portugal,http://www.wikidata.org/entity/Q45,"PT, Portuguese Republic, pt, ğŸ‡µğŸ‡¹",https://en.wikipedia.org/wiki/Portugal,,,,"Lissabon, Lisboa, Capital of Portugal, Lisboa Municipality, Lisboa, Portugal, Lisbon (Portugal), Lisbon Municipality, Lisbon, Lisboa, Lisbon, Portugal, Lisboner, Lisboners, Lisbonne, Municipality of Lisbon, Parishes of lisbon, Parishes of Lisbon, PTLIS, UN/LOCODE:PTLIS",
Capitals; Europe; Republic of Macedonia,http://www.wikidata.org/entity/Q384,Skopje,capital city of the Republic of Macedonia,http://www.wikidata.org/entity/Q221,"Macedonia, mk, Former Yugoslav Republic of Macedonia, FYR Macedonia, FYROM, The former Yugoslav Republic of Macedonia, ğŸ‡²ğŸ‡°",https://en.wikipedia.org/wiki/Republic%20of%20Macedonia,,,,,
Capitals; Europe; Romania,http://www.wikidata.org/entity/Q19660,Bucharest,capital of Romania,http://www.wikidata.org/entity/Q218,"ro, RomÃ¢nia, Roumania, Rumania",https://en.wikipedia.org/wiki/Romania,,,,"Bucuresti, BucureÅŸti, BucureÈ™ti, Little Paris, Paris of the East",
Capitals; Europe; Russia,http://www.wikidata.org/entity/Q649,Moscow,capital city and the largest city of Russia,http://www.wikidata.org/entity/Q159,"ru, Rossiya, RU, Rossija, Rossijskaja Federatsija, Rossiyskaya Federatsiya, Russian Federation",https://en.wikipedia.org/wiki/Russia,,,, separate federal subject of Russia,"City of Moscow, Moscow, Russia, Moscow, Russian Federation, Moscow, Russian SFSR, Moscow, Soviet Union, Moscow, USSR, Moskva, Moskva Federal City, Russia, Moskva, Russia, ĞœĞ¾ÑĞºĞ²Ğ°"
Capitals; Europe; San Marino,http://www.wikidata.org/entity/Q1848,San Marino,capital city of San Marino,http://www.wikidata.org/entity/Q238,"sm, ğŸ‡¸ğŸ‡²",https://en.wikipedia.org/wiki/San%20Marino,,,,,
Capitals; Europe; Serbia,http://www.wikidata.org/entity/Q3711,Belgrade,capital city of Serbia,http://www.wikidata.org/entity/Q403,"RKS, ğŸ‡·ğŸ‡¸, rss, Serbia Pokraine",https://en.wikipedia.org/wiki/Serbia,,,,"Beograd, Belgrade, Serbia, City of Belgrade",
Capitals; Europe; Slovakia,http://www.wikidata.org/entity/Q1780,Bratislava,capital city of Slovakia,http://www.wikidata.org/entity/Q214,"Slovak Republic, sk, ğŸ‡¸ğŸ‡°",https://en.wikipedia.org/wiki/Slovakia,,,,"Pressburg, Pozsony",
Capitals; Europe; Slovenia,http://www.wikidata.org/entity/Q437,Ljubljana,capital of Slovenia,http://www.wikidata.org/entity/Q215,"si, Republic of Slovenia, Republika Slovenija, Slovenija, ğŸ‡¸ğŸ‡®",https://en.wikipedia.org/wiki/Slovenia,,,,,
Capitals; Europe; Spain,http://www.wikidata.org/entity/Q2807,Madrid,capital city of Spain,http://www.wikidata.org/entity/Q29,"Kingdom of Spain, ES, ğŸ‡ªğŸ‡¸, ESP, EspaÃ±a",https://en.wikipedia.org/wiki/Spain,,,,"Madrid, Spain",
Capitals; Europe; Sweden,http://www.wikidata.org/entity/Q1754,Stockholm,capital of Sweden,http://www.wikidata.org/entity/Q34,"se, SE, Sverige, Kingdom of Sweden, Konungariket Sverige, Kungariket Sverige",https://en.wikipedia.org/wiki/Sweden,,,,"Estocolmo, Tukholma",
Capitals; Europe; Switzerland,http://www.wikidata.org/entity/Q70,Bern,capital of Switzerland and municipality in the canton of Bern,http://www.wikidata.org/entity/Q39,"Schweiz, CH, SUI, Suisse, Svizzera, Swiss Confederation, ğŸ‡¨ğŸ‡­",https://en.wikipedia.org/wiki/Switzerland,,,,"Berne, Bern BE",
Capitals; Europe; Turkey,http://www.wikidata.org/entity/Q3640,Ankara,capital of Turkey,http://www.wikidata.org/entity/Q43,"Republic of Turkey, tr",https://en.wikipedia.org/wiki/Turkey,,,,,
Capitals; Europe; Ukraine,http://www.wikidata.org/entity/Q1899,Kyiv,capital and the largest city of Ukraine,http://www.wikidata.org/entity/Q212,"ua, UA, UKR, Ukrainia",https://en.wikipedia.org/wiki/Ukraine,,,,"Kiev, Kyiw, Kyjiv, Kyjiw, Kyyiv, ĞšĞ¸ĞµĞ², ĞšĞ¸Ñ—Ğ²",
Capitals; Europe; United Kingdom,http://www.wikidata.org/entity/Q84,London,capital of England and the United Kingdom,http://www.wikidata.org/entity/Q145,"GB, GBR, Great Britain, UK, UKGBNI, United Kingdom of Great Britain and Northern Ireland",https://en.wikipedia.org/wiki/United%20Kingdom,,,,"London, England, London, UK, London, United Kingdom",
Capitals; Europe; Vatican City State,http://www.wikidata.org/entity/Q237,Vatican City,https://en.wikipedia.org/wiki/Vatican%20City,"desc"
Capitals; North America; Antigua and Barbuda,http://www.wikidata.org/entity/Q36262,St. John's,Capital city of Antigua and Barbuda,http://www.wikidata.org/entity/Q781,"ag, ğŸ‡¦ğŸ‡¬",https://en.wikipedia.org/wiki/Antigua%20and%20Barbuda,,,,Saint John's,
Capitals; North America; Barbados,http://www.wikidata.org/entity/Q36168,Bridgetown,capital of Barbados,http://www.wikidata.org/entity/Q244,"bb, BB, ğŸ‡§ğŸ‡§",https://en.wikipedia.org/wiki/Barbados,,,,,
Capitals; North America; Belize,http://www.wikidata.org/entity/Q3043,Belmopan,capital of Belize,http://www.wikidata.org/entity/Q242,"bz, British Honduras, ğŸ‡§ğŸ‡¿",https://en.wikipedia.org/wiki/Belize,,,,"The Garden City, City of Promise, The Planned City",
Capitals; North America; Costa Rica,http://www.wikidata.org/entity/Q3070,San JosÃ©,capital of Costa Rica,http://www.wikidata.org/entity/Q800,"cr, Republic of Costa Rica, ğŸ‡¨ğŸ‡·",https://en.wikipedia.org/wiki/Costa%20Rica,,,,"San Jose, San JosÃ©, Costa Rica",
Capitals; North America; Dominica,http://www.wikidata.org/entity/Q36281,Roseau,capital of Dominica,http://www.wikidata.org/entity/Q784,"Commonwealth of Dominica, The Commonwealth of Dominica, ğŸ‡©ğŸ‡²",https://en.wikipedia.org/wiki/Dominica,,,,,
Capitals; North America; Dominican Republic,http://www.wikidata.org/entity/Q34820,Santo Domingo,capital of the Dominican Republic,http://www.wikidata.org/entity/Q786,"RD, DO, RepÃºblica Dominicana, ğŸ‡©ğŸ‡´",https://en.wikipedia.org/wiki/Dominican%20Republic,,,,"Santo Domingo de GuzmÃ¡n, Santo Domingo, Dominican Republic",
Capitals; North America; El Salvador,http://www.wikidata.org/entity/Q3110,San Salvador,capital of El Salvador,http://www.wikidata.org/entity/Q792,"sv, ğŸ‡¸ğŸ‡»",https://en.wikipedia.org/wiki/El%20Salvador,,,,,
Capitals; North America; Grenada,http://www.wikidata.org/entity/Q41547,St. George's,capital of Grenada,http://www.wikidata.org/entity/Q769,"gd, ğŸ‡¬ğŸ‡©",https://en.wikipedia.org/wiki/Grenada,,,,"Saint Georges, Granada, St Georges, Granada, St. George's, Grenada",
Capitals; North America; Haiti,http://www.wikidata.org/entity/Q34261,Port-au-Prince,capital of Haiti,http://www.wikidata.org/entity/Q790,"Hayti, HT, ht, Ayiti, Haitian Republic, Republic of Haiti, RÃ©publique d'HaÃ¯ti, ğŸ‡­ğŸ‡¹",https://en.wikipedia.org/wiki/Haiti,,,,Port au Prince,
Capitals; North America; Honduras,http://www.wikidata.org/entity/Q3238,Tegucigalpa,capital of Honduras,http://www.wikidata.org/entity/Q783,"hn, ğŸ‡­ğŸ‡³",https://en.wikipedia.org/wiki/Honduras,,,,,
Capitals; North America; Jamaica,http://www.wikidata.org/entity/Q34692,Kingston,capital of Jamaica,http://www.wikidata.org/entity/Q766,"JA, Commonwealth of Jamaica, Jamdung, jm, ğŸ‡¯ğŸ‡²",https://en.wikipedia.org/wiki/Jamaica,,,,"Kingston, Jamaica",
Capitals; North America; Mexico,http://www.wikidata.org/entity/Q1489,Mexico City,capital city of Mexico,http://www.wikidata.org/entity/Q96,"MX, Estados Unidos Mexicanos, United Mexican States, Mexican Republic, mx, RepÃºblica Mexicana",https://en.wikipedia.org/wiki/Mexico,,,,"Mexico City, City of Mexico, Ciudad de MÃ©xico, Mexico D.F., Mexico City, Mexico",
Capitals; North America; Nicaragua,http://www.wikidata.org/entity/Q3274,Managua,capital of Nicaragua,http://www.wikidata.org/entity/Q811,"ni, ğŸ‡³ğŸ‡®",https://en.wikipedia.org/wiki/Nicaragua,,,,,
Capitals; North America; Panama,http://www.wikidata.org/entity/Q3306,Panama City,capital of Panama,http://www.wikidata.org/entity/Q804,"pa, Republic of Panama, ğŸ‡µğŸ‡¦",https://en.wikipedia.org/wiki/Panama,,,,Panama,
Capitals; North America; Saint Kitts and Nevis,http://www.wikidata.org/entity/Q41295,Basseterre,capital of Saint Kitts and Nevis,http://www.wikidata.org/entity/Q763,"kn, Federation of Saint Kitts and Nevis, Saint Christopher and Nevis, St Kitts and Nevis, St. Kitts and Nevis, ğŸ‡°ğŸ‡³",https://en.wikipedia.org/wiki/Saint%20Kitts%20and%20Nevis,,,,,
Capitals; North America; Saint Lucia,http://www.wikidata.org/entity/Q41699,Castries,capital of Saint Lucia,http://www.wikidata.org/entity/Q760,"St. Lucia, St Lucia, lc, ğŸ‡±ğŸ‡¨",https://en.wikipedia.org/wiki/Saint%20Lucia,,,,,
Capitals; North America; The Bahamas,http://www.wikidata.org/entity/Q2467,Nassau,capital city of the Commonwealth of the Bahamas,http://www.wikidata.org/entity/Q778,"Bahamas, bs, Commonwealth of the Bahamas, ğŸ‡§ğŸ‡¸",https://en.wikipedia.org/wiki/The%20Bahamas,,,,,
Capitals; North America; Trinidad and Tobago,http://www.wikidata.org/entity/Q39178,Port of Spain,capital of Trinidad and Tobago,http://www.wikidata.org/entity/Q754,"tt, Republic of Trinidad and Tobago, ğŸ‡¹ğŸ‡¹",https://en.wikipedia.org/wiki/Trinidad%20and%20Tobago,,,,"Port-of-Spain, Puerto EspaÃ±a",
Capitals; North America; United States of America,http://www.wikidata.org/entity/Q61,"Washington, D.C.",capital city of the United States,http://www.wikidata.org/entity/Q30,"America, United States, USA, U.S., ğŸ‡ºğŸ‡¸, U.S.A., US, the States, the US",https://en.wikipedia.org/wiki/United%20States,,,,"Washington, DC, D.C., District of Columbia, the District, Washington DC, Washington, DC",
Capitals; Oceania; Australia,http://www.wikidata.org/entity/Q3114,Canberra,capital city of Australia,http://www.wikidata.org/entity/Q408,"AU, AUS, au, British Colony of Australia, Commonwealth of Australia",https://en.wikipedia.org/wiki/Australia,,,,,
Capitals; Oceania; Federated States of Micronesia,http://www.wikidata.org/entity/Q42751,Palikir,capital of Federated States of Micronesia,http://www.wikidata.org/entity/Q702,"FSM, fm, Micronesia, Fed. Sts. Micronesia, Fed. Sts. of Micronesia, Federated States of Micronesia, FSM, ğŸ‡«ğŸ‡²",https://en.wikipedia.org/wiki/Federated%20States%20of%20Micronesia,,,,,
Capitals; Oceania; Fiji,http://www.wikidata.org/entity/Q38807,Suva,capital city of Fiji,http://www.wikidata.org/entity/Q712,"fj, Republic of Fiji, ğŸ‡«ğŸ‡¯",https://en.wikipedia.org/wiki/Fiji,,,,,
Capitals; Oceania; Kiribati,http://www.wikidata.org/entity/Q131233,South Tarawa,capital of Kiribati,http://www.wikidata.org/entity/Q710,"Republic of Kiribati, ğŸ‡°ğŸ‡®",https://en.wikipedia.org/wiki/Kiribati,,,,,
Capitals; Oceania; Marshall Islands,http://www.wikidata.org/entity/Q12919,Majuro,"coral atoll, capital of the Marshall Islands",http://www.wikidata.org/entity/Q709,"mh, AolepÄn AorÅkin MÌ§ajeÄ¼, Republic of the Marshall Islands, ğŸ‡²ğŸ‡­",https://en.wikipedia.org/wiki/Marshall%20Islands,,,,MÄjro,
Capitals; Oceania; Nauru,http://www.wikidata.org/entity/Q31026,Yaren District,district and de facto capital of Nauru,http://www.wikidata.org/entity/Q697,"Naoero, nr, Pleasant Island, Republic of Nauru, ğŸ‡³ğŸ‡·",https://en.wikipedia.org/wiki/Nauru,,,,"Makwa, Yaren, Moqua",
Capitals; Oceania; New Zealand,http://www.wikidata.org/entity/Q23661,Wellington,capital city of New Zealand,http://www.wikidata.org/entity/Q664,"Aotearoa, Dominion of New Zealand, nz, NZ, NZL, ğŸ‡³ğŸ‡¿",https://en.wikipedia.org/wiki/New%20Zealand,,,,"Te Whanga-nui-a-Tara, Wellington, New Zealand, Wellington, NZ",
Capitals; Oceania; Niue,http://www.wikidata.org/entity/Q30966,Alofi,capital city of Niue,http://www.wikidata.org/entity/Q34020,"nu, NiuÄ“, ğŸ‡³ğŸ‡º",https://en.wikipedia.org/wiki/Niue,,,,"Alofi, Niue",
Capitals; Oceania; Palau,http://www.wikidata.org/entity/Q515229,Ngerulmud,capital of Palau,http://www.wikidata.org/entity/Q695,"Belau, Pelew, pw, Republic of Belau, Republic of Palau, ğŸ‡µğŸ‡¼",https://en.wikipedia.org/wiki/Palau,,,,,
Capitals; Oceania; Papua New Guinea,http://www.wikidata.org/entity/Q36526,Port Moresby,capital of Papua New Guinea,http://www.wikidata.org/entity/Q691,"pg, PNG, Independent State of Papua New Guinea, ğŸ‡µğŸ‡¬",https://en.wikipedia.org/wiki/Papua%20New%20Guinea,,,,,
Capitals; Oceania; Samoa,http://www.wikidata.org/entity/Q36260,Apia,capital of Samoa,http://www.wikidata.org/entity/Q683,"ws, Independent State of Samoa, Western Samoa, ğŸ‡¼ğŸ‡¸",https://en.wikipedia.org/wiki/Samoa,,,,,
Capitals; Oceania; Solomon Islands,http://www.wikidata.org/entity/Q40921,Honiara,"capital of Solomon Islands, on the tropical island Guadalcanal",http://www.wikidata.org/entity/Q685,"sb, ğŸ‡¸ğŸ‡§",https://en.wikipedia.org/wiki/Solomon%20Islands,,,,,
Capitals; Oceania; Tonga,http://www.wikidata.org/entity/Q38834,Nuku'alofa,capital city of Tonga,http://www.wikidata.org/entity/Q678,ğŸ‡¹ğŸ‡´,https://en.wikipedia.org/wiki/Tonga,,,,,
Capitals; Oceania; Tuvalu,http://www.wikidata.org/entity/Q34126,Funafuti,atoll and capital of Tuvalu,http://www.wikidata.org/entity/Q672,"Ellice Islands, tv, ğŸ‡¹ğŸ‡»",https://en.wikipedia.org/wiki/Tuvalu,,,,Funafuti Island,
Capitals; Oceania; United States of America,http://www.wikidata.org/entity/Q61,"Washington, D.C.",capital city of the United States,http://www.wikidata.org/entity/Q30,"America, US, United States, USA, U.S., ğŸ‡ºğŸ‡¸, U.S.A., the States, the US",https://en.wikipedia.org/wiki/United%20States,,,,"Washington, DC, D.C., District of Columbia, the District, Washington DC, Washington, DC",
Capitals; Oceania; Vanuatu,http://www.wikidata.org/entity/Q37806,Port Vila,capital and largest city of Vanuatu,http://www.wikidata.org/entity/Q686,"Republic of Vanuatu, vu, ğŸ‡»ğŸ‡º",https://en.wikipedia.org/wiki/Vanuatu,,,,,
Capitals; South America; Argentina,http://www.wikidata.org/entity/Q1486,Buenos Aires,capital city of Argentina,http://www.wikidata.org/entity/Q414,"AR, ar, ğŸ‡¦ğŸ‡·, Argentine Republic",https://en.wikipedia.org/wiki/Argentina,,,,"Buenos Ayres, Autonomous City of Buenos Aires, Buenos Aires, Argentina",
Capitals; South America; Bolivia,http://www.wikidata.org/entity/Q1491,La Paz,De facto capital city of Bolivia,http://www.wikidata.org/entity/Q750,"bo, ğŸ‡§ğŸ‡´",https://en.wikipedia.org/wiki/Bolivia,,,,"La Paz, Bolivia, Nuestra SeÃ±ora de La Paz",
Capitals; South America; Bolivia,http://www.wikidata.org/entity/Q2907,Sucre,constitutional capital of Bolivia,http://www.wikidata.org/entity/Q750,"bo, ğŸ‡§ğŸ‡´",https://en.wikipedia.org/wiki/Bolivia,,,,"La Plata, Chuquisaca, Charcas",
Capitals; South America; Brazil,http://www.wikidata.org/entity/Q2844,BrasÃ­lia,capital city of Brazil,http://www.wikidata.org/entity/Q155,"br, Brasil, BR, Federative Republic of Brazil, RepÃºblica Federativa do Brasil, Estados Unidos del Brazil, Federativa RepÃºblica do Brasil, Republic Federative of Brasil",https://en.wikipedia.org/wiki/Brazil,,,,Brasilia,
Capitals; South America; Chile,http://www.wikidata.org/entity/Q2887,Santiago,capital city of Chile,http://www.wikidata.org/entity/Q298,"cl, ğŸ‡¨ğŸ‡±, Republic of Chile, RepÃºblica de Chile",https://en.wikipedia.org/wiki/Chile,,,,Santiago de Chile,
Capitals; South America; Colombia,http://www.wikidata.org/entity/Q2841,Bogota,capital of Colombia and department of Cundinamarca,http://www.wikidata.org/entity/Q739,"co, United States of Colombia, Republic of Colombia, RepÃºblica de Colombia",https://en.wikipedia.org/wiki/Colombia,,,,"Capital District, Santa Fe de BogotÃ¡",
Capitals; South America; Ecuador,http://www.wikidata.org/entity/Q2900,Riobamba,capital de Chimborazo Ecuador,http://www.wikidata.org/entity/Q736,"ec, ecu, ğŸ‡ªğŸ‡¨",https://en.wikipedia.org/wiki/Ecuador,,,,La SULTANA De Los Andes,
Capitals; South America; Guyana,http://www.wikidata.org/entity/Q10717,Georgetown,city of Guyana,http://www.wikidata.org/entity/Q734,"Co-operative Republic of Guyana, gy, Republic of Guyana, ğŸ‡¬ğŸ‡¾",https://en.wikipedia.org/wiki/Guyana,,,,Garden City of the Caribbean,
Capitals; South America; Panama,http://www.wikidata.org/entity/Q3306,Panama City,capital of Panama,http://www.wikidata.org/entity/Q804,"pa, Republic of Panama, ğŸ‡µğŸ‡¦",https://en.wikipedia.org/wiki/Panama,,,,Panama,
Capitals; South America; Paraguay,http://www.wikidata.org/entity/Q2933,AsunciÃ³n,capital of Paraguay,http://www.wikidata.org/entity/Q733,"py, Republic of Paraguay, ğŸ‡µğŸ‡¾",https://en.wikipedia.org/wiki/Paraguay,,,,"Asu, Asuncion",
Capitals; South America; Peru,http://www.wikidata.org/entity/Q2868,Lima,capital of Peru,http://www.wikidata.org/entity/Q419,"Republic of Peru, RepÃºblica del PerÃº",https://en.wikipedia.org/wiki/Peru,,,,"Lima, Peru",
Capitals; South America; Saint Vincent and the Grenadines,http://www.wikidata.org/entity/Q41474,Kingstown,capital of Saint Vincent and the Grenadines,http://www.wikidata.org/entity/Q757,"vc, St Vincent, St. Vincent, Saint Vincent, St Vincent and the Grenadines, St. Vincent and the Grenadines, ğŸ‡»ğŸ‡¨",https://en.wikipedia.org/wiki/Saint%20Vincent%20and%20the%20Grenadines,,,,,
Capitals; South America; Suriname,http://www.wikidata.org/entity/Q3001,Paramaribo,capital of Suriname,http://www.wikidata.org/entity/Q730,"sr, Dutch Guiana, Surinam, Republic of Surinam, Republic of Suriname, ğŸ‡¸ğŸ‡·",https://en.wikipedia.org/wiki/Suriname,,,,,
Capitals; South America; Uruguay,http://www.wikidata.org/entity/Q1335,Montevideo,capital city of Uruguay,http://www.wikidata.org/entity/Q77,"RepÃºblica Oriental del Uruguay, uy, ğŸ‡ºğŸ‡¾",https://en.wikipedia.org/wiki/Uruguay,,,,,
Capitals; South America; Venezuela,http://www.wikidata.org/entity/Q1533,Caracas,Capital of Venezuela,http://www.wikidata.org/entity/Q717,"VE, Bolivarian Republic of Venezuela, BR Venezuela, Estados Unidos de Venezuela",https://en.wikipedia.org/wiki/Venezuela,,,,Santiago de LeÃ³n de Caracas,
